11/6/2017,0:00,32,,,,,,,,,,,,,,,,,,
9/27/2017,0:00,74,,,,,,,,,,,,,,,,,,
9/25/2017,0:00,36,,,,,,,,,,,,,,,,,,
8/28/2017,0:00,0,,,,,,,,,,,,,,,,,,
5/5/2017,0:00,65,,,,,,,,,,,,,,,,,,
3/17/2017,0:00,33,,,,,,,,,,,,,,,,,,
2/24/2017,0:00,36,,,,,,,,,,,,,,,,,,
2/17/2017,0:00,29,,,,,,,,,,,,,,,,,,
10/17/2017,0:01,65,,,,,,,,,,,,,,,,,,
5/19/2017,0:01,47,,,,,,,,,,,,,,,,,,
5/12/2017,0:01,59,,,,,,,,,,,,,,,,,,
4/7/2017,0:01,66,,,,,,,,,,,,,,,,,,
10/24/2016,0:01,42,,,,,,,,,,,,,,,,,,
9/23/2016,0:01,39,,,,,,,,,,,,,,,,,,
10/18/2017,0:02,66,,,,,,,,,,,,,,,,,,
10/13/2017,0:02,37,,,,,,,,,,,,,,,,,,
9/20/2017,0:02,24,,,,,,,,,,,,,,,,,,
9/18/2017,0:02,33,,,,,,,,,,,,,,,,,,
5/17/2017,0:02,63,,,,,,,,,,,,,,,,,,
4/28/2017,0:02,50,,,,,,,,,,,,,,,,,,
4/11/2017,0:02,19,,,,,,,,,,,,,,,,,,
3/9/2017,0:02,71,,,,,,,,,,,,,,,,,,
12/9/2016,0:02,81,,,,,,,,,,,,,,,,,,
12/2/2016,0:02,86,,,,,,,,,,,,,,,,,,
11/16/2016,0:02,29,,,,,,,,,,,,,,,,,,
11/11/2016,0:02,44,,,,,,,,,,,,,,,,,,
11/9/2016,0:02,34,,,,,,,,,,,,,,,,,,
9/1/2016,0:02,17,,,,,,,,,,,,,,,,,,
11/28/2017,0:03,60,,,,,,,,,,,,,,,,,,
10/2/2017,0:03,36,,,,,,,,,,,,,,,,,,
4/12/2017,0:03,35,,,,,,,,,,,,,,,,,,
3/31/2017,0:03,29,,,,,,,,,,,,,,,,,,
3/13/2017,0:03,46,,,,,,,,,,,,,,,,,,
3/10/2017,0:03,41,,,,,,,,,,,,,,,,,,
3/3/2017,0:03,52,,,,,,,,,,,,,,,,,,
1/27/2017,0:03,4,,,,,,,,,,,,,,,,,,
11/17/2017,0:04,19,,,,,,,,,,,,,,,,,,
11/8/2017,0:04,43,,,,,,,,,,,,,,,,,,
10/6/2017,0:04,45,,,,,,,,,,,,,,,,,,
9/29/2017,0:04,30,,,,,,,,,,,,,,,,,,
9/21/2017,0:04,36,,,,,,,,,,,,,,,,,,
9/15/2017,0:04,27,,,,,,,,,,,,,,,,,,
3/14/2017,0:04,15,,,,,,,,,,,,,,,,,,
2/7/2017,0:04,31,,,,,,,,,,,,,,,,,,
11/18/2016,0:04,30,,,,,,,,,,,,,,,,,,
10/19/2016,0:04,48,,,,,,,,,,,,,,,,,,
11/3/2017,0:05,42,,,,,,,,,,,,,,,,,,
10/24/2017,0:05,48,,,,,,,,,,,,,,,,,,
10/23/2017,0:05,57,,,,,,,,,,,,,,,,,,
9/28/2017,0:05,65,,,,,,,,,,,,,,,,,,
5/10/2017,0:05,45,,,,,,,,,,,,,,,,,,
4/27/2017,0:05,62,,,,,,,,,,,,,,,,,,
4/21/2017,0:05,45,,,,,,,,,,,,,,,,,,
4/6/2017,0:05,52,,,,,,,,,,,,,,,,,,
2/21/2017,0:05,16,,,,,,,,,,,,,,,,,,
12/21/2016,0:05,30,,,,,,,,,,,,,,,,,,
10/21/2016,0:05,28,,,,,,,,,,,,,,,,,,
9/21/2016,0:05,33,,,,,,,,,,,,,,,,,,
11/29/2017,0:06,25,,,,,,,,,,,,,,,,,,
10/31/2017,0:06,51,,,,,,,,,,,,,,,,,,
10/12/2017,0:06,77,,,,,,,,,,,,,,,,,,
9/11/2017,0:06,11,,,,,,,,,,,,,,,,,,
5/16/2017,0:06,80,,,,,,,,,,,,,,,,,,
5/9/2017,0:06,70,,,,,,,,,,,,,,,,,,
5/4/2017,0:06,56,,,,,,,,,,,,,,,,,,
3/29/2017,0:06,30,,,,,,,,,,,,,,,,,,
2/2/2017,0:06,29,,,,,,,,,,,,,,,,,,
12/12/2016,0:06,32,,,,,,,,,,,,,,,,,,
12/7/2016,0:06,44,,,,,,,,,,,,,,,,,,
9/30/2016,0:06,39,,,,,,,,,,,,,,,,,,
9/19/2016,0:06,24,,,,,,,,,,,,,,,,,,
11/15/2017,0:07,29,,,,,,,,,,,,,,,,,,
11/14/2017,0:07,43,,,,,,,,,,,,,,,,,,
11/1/2017,0:07,7,,,,,,,,,,,,,,,,,,
10/27/2017,0:07,35,,,,,,,,,,,,,,,,,,
10/19/2017,0:07,49,,,,,,,,,,,,,,,,,,
10/11/2017,0:07,19,,,,,,,,,,,,,,,,,,
10/5/2017,0:07,74,,,,,,,,,,,,,,,,,,
9/8/2017,0:07,20,,,,,,,,,,,,,,,,,,
4/26/2017,0:07,60,,,,,,,,,,,,,,,,,,
4/25/2017,0:07,58,,,,,,,,,,,,,,,,,,
4/5/2017,0:07,66,,,,,,,,,,,,,,,,,,
4/3/2017,0:07,34,,,,,,,,,,,,,,,,,,
3/8/2017,0:07,18,,,,,,,,,,,,,,,,,,
3/1/2017,0:07,37,,,,,,,,,,,,,,,,,,
2/28/2017,0:07,50,,,,,,,,,,,,,,,,,,
1/30/2017,0:07,8,,,,,,,,,,,,,,,,,,
1/25/2017,0:07,3,,,,,,,,,,,,,,,,,,
11/30/2016,0:07,27,,,,,,,,,,,,,,,,,,
11/21/2016,0:07,82,,,,,,,,,,,,,,,,,,
11/2/2016,0:07,46,,,,,,,,,,,,,,,,,,
10/31/2016,0:07,39,,,,,,,,,,,,,,,,,,
10/26/2016,0:07,32,,,,,,,,,,,,,,,,,,
10/17/2016,0:07,35,,,,,,,,,,,,,,,,,,
9/20/2016,0:07,36,,,,,,,,,,,,,,,,,,
9/13/2016,0:07,31,,,,,,,,,,,,,,,,,,
11/9/2017,0:08,31,,,,,,,,,,,,,,,,,,
10/16/2017,0:08,42,,,,,,,,,,,,,,,,,,
9/19/2017,0:08,18,,,,,,,,,,,,,,,,,,
9/19/2017,0:08,0,,,,,,,,,,,,,,,,,,
5/2/2017,0:08,54,,,,,,,,,,,,,,,,,,
4/18/2017,0:08,65,,,,,,,,,,,,,,,,,,
3/7/2017,0:08,41,,,,,,,,,,,,,,,,,,
1/31/2017,0:08,20,,,,,,,,,,,,,,,,,,
1/23/2017,0:08,0,,,,,,,,,,,,,,,,,,
12/14/2016,0:08,45,,,,,,,,,,,,,,,,,,
10/14/2016,0:08,38,,,,,,,,,,,,,,,,,,
9/29/2016,0:08,56,,,,,,,,,,,,,,,,,,
9/16/2016,0:08,22,,,,,,,,,,,,,,,,,,
9/7/2016,0:08,17,,,,,,,,,,,,,,,,,,
11/2/2017,0:09,30,,,,,,,,,,,,,,,,,,
9/22/2017,0:09,12,,,,,,,,,,,,,,,,,,
2/15/2017,0:09,16,,,,,,,,,,,,,,,,,,
1/26/2017,0:09,12,,,,,,,,,,,,,,,,,,
12/6/2016,0:09,40,,,,,,,,,,,,,,,,,,
12/5/2016,0:09,38,,,,,,,,,,,,,,,,,,
11/28/2016,0:09,11,,,,,,,,,,,,,,,,,,
11/7/2016,0:09,23,,,,,,,,,,,,,,,,,,
10/27/2016,0:09,43,,,,,,,,,,,,,,,,,,
9/15/2016,0:09,29,,,,,,,,,,,,,,,,,,
9/8/2016,0:09,16,,,,,,,,,,,,,,,,,,
8/31/2016,0:09,7,,,,,,,,,,,,,,,,,,
9/13/2017,0:10,18,,,,,,,,,,,,,,,,,,
9/7/2017,0:10,13,,,,,,,,,,,,,,,,,,
8/31/2017,0:10,6,,,,,,,,,,,,,,,,,,
3/28/2017,0:10,40,,,,,,,,,,,,,,,,,,
3/2/2017,0:10,40,,,,,,,,,,,,,,,,,,
2/8/2017,0:10,19,,,,,,,,,,,,,,,,,,
2/6/2017,0:10,8,,,,,,,,,,,,,,,,,,
2/1/2017,0:10,2,,,,,,,,,,,,,,,,,,
12/16/2016,0:10,38,,,,,,,,,,,,,,,,,,
11/22/2016,0:10,24,,,,,,,,,,,,,,,,,,
11/15/2016,0:10,31,,,,,,,,,,,,,,,,,,
11/14/2016,0:10,26,,,,,,,,,,,,,,,,,,
10/25/2016,0:10,33,,,,,,,,,,,,,,,,,,
10/6/2016,0:10,63,,,,,,,,,,,,,,,,,,
10/3/2016,0:10,28,,,,,,,,,,,,,,,,,,
11/21/2017,0:11,62,,,,,,,,,,,,,,,,,,
9/14/2017,0:11,30,,,,,,,,,,,,,,,,,,
4/17/2017,0:11,27,,,,,,,,,,,,,,,,,,
4/10/2017,0:11,18,,,,,,,,,,,,,,,,,,
4/4/2017,0:11,40,,,,,,,,,,,,,,,,,,
2/16/2017,0:11,10,,,,,,,,,,,,,,,,,,
2/14/2017,0:11,22,,,,,,,,,,,,,,,,,,
10/4/2016,0:11,74,,,,,,,,,,,,,,,,,,
10/3/2017,0:12,14,,,,,,,,,,,,,,,,,,
8/29/2017,0:12,2,,,,,,,,,,,,,,,,,,
2/9/2017,0:12,12,,,,,,,,,,,,,,,,,,
12/20/2016,0:12,50,,,,,,,,,,,,,,,,,,
11/10/2016,0:12,33,,,,,,,,,,,,,,,,,,
11/8/2016,0:12,41,,,,,,,,,,,,,,,,,,
10/20/2016,0:12,76,,,,,,,,,,,,,,,,,,
10/13/2016,0:12,59,,,,,,,,,,,,,,,,,,
11/30/2017,0:13,54,,,,,,,,,,,,,,,,,,
11/16/2017,0:13,40,,,,,,,,,,,,,,,,,,
5/1/2017,0:13,35,,,,,,,,,,,,,,,,,,
4/13/2017,0:13,40,,,,,,,,,,,,,,,,,,
3/30/2017,0:13,30,,,,,,,,,,,,,,,,,,
10/26/2017,0:14,64,,,,,,,,,,,,,,,,,,
12/8/2016,0:14,50,,,,,,,,,,,,,,,,,,
12/1/2016,0:14,44,,,,,,,,,,,,,,,,,,
5/3/2017,0:15,17,,,,,,,,,,,,,,,,,,
4/19/2017,0:15,20,,,,,,,,,,,,,,,,,,
12/13/2016,0:15,24,,,,,,,,,,,,,,,,,,
11/29/2016,0:15,31,,,,,,,,,,,,,,,,,,
11/1/2016,0:16,23,,,,,,,,,,,,,,,,,,
9/22/2016,0:16,47,,,,,,,,,,,,,,,,,,
3/16/2017,0:17,15,,,,,,,,,,,,,,,,,,
12/15/2016,0:20,63,,,,,,,,,,,,,,,,,,
2/20/2017,0:21,5,,,,,,,,,,,,,,,,,,
2/3/2017,0:23,2,,,,,,,,,,,,,,,,,,
9/12/2017,0:25,6,,,,,,,,,,,,,,,,,,
12/5/2016,2:00,156,,,,,,,,,,,,,,,,,,
6/28/2017,4:00,25,,,Max cap 300,,,,,,,,,,,,,,,
4/22/2017,4:00,90,,,,,,,,,,,,,,,,,,
11/10/2017,6:00,88,,,9.872222222,53.64912281,60.36666667,101.8478261,91.18823529,104.1311475,102.0492424,72.42307692,114.09375,87.83928571,94.121673,76,90.31407942,104.7727273,105.7486339,44.8
11/11/2016,7:56,4,,,8 - 9am,9-10am,10-11am,11 - 12pm,12 -1 pm,1 - 2pm,2-3pm,3-4pm,4-5pm,5-6pm,6-7pm,7-8pm,8-9pm,9-10pm,10-11pm,11-12am
6/29/2017,8:00,0,,,0,5,61,1,125,134,107,19,10,15,85,100,160,118,63,80
4/7/2017,8:00,7,,,7,28,54,5,146,98,149,19,125,24,8,32,156,175,93,75
4/4/2017,8:00,1,,,1,45,102,23,10,70,97,16,163,21,32,12,32,116,6,16
8/24/2017,8:01,0,,,0,52,2,9,181,52,94,171,125,65,86,13,27,90,142,74
3/24/2017,8:01,0,,,0,48,4,22,32,75,162,132,23,57,30,34,168,117,121,36
2/20/2017,8:01,0,,,0,52,2,127,156,154,107,30,17,98,127,64,106,126,165,36
10/26/2017,8:03,3,,,3,"21
",2,9,145,157,114,22,157,15,123,205,65,128,109,42
11/9/2017,8:05,135,,,135,58,2,145,45,151,110,20,170,140,92,111,115,190,81,10
2/6/2017,8:05,5,,,5,55,59,48,161,10,78,28,80,146,66,52,127,75,115,39
9/15/2017,8:06,2,,,2,36,1,151,162,122,173,34,39,100,145,163,138,44,96,40
2/17/2017,8:06,4,,,4,45,3,179,177,168,144,37,126,12,107,140,8,163,72,44.8
11/14/2016,8:06,20,,,20,42,1,128,7,57,99,22,112,87,61,"160
",14,122,68,
7/3/2017,8:07,0,,,0,64,5,177,151,160,117,17,160,21,70,21,24,96,140,
12/1/2016,8:07,20,,,20,35,52,  ,142,102,81,84,132,78,81,170,48,112,166,
11/10/2016,8:07,15,,,15,55,75,163,201,94,155,13,188,151,98,"156
",36,116,130,
9/21/2017,8:08,5,,,5,2,87,34,175,156,105,15,67,86,14,112,105,124,117,
9/5/2017,8:08,7,,,7,43,56,131,10,82,26,16,164,24,72,5,166,92,131,
4/14/2017,8:08,10,,,10,52,76,158,24,98,102,71,17,72,36,42,66,18,113,
4/14/2017,8:08,1,,,1,110,59,158,160,179,21,18,20,109,56,117,39,85,124,
3/29/2017,8:08,0,,,0,48,2,166,17,188,200,12,39,35,39,10,157,42,91,
3/23/2017,8:08,0,,,0,57,2,152,191,141,168,142,189,92,81,152,136,63,110,
11/28/2016,8:08,20,,,20,45,2,18,168,138,210,80,195,87,150,89,161,93,111,
8/29/2016,8:08,6,,,6,0,60,95,16,152,74,8,110,88,101,84,45,104.7727273,75,
11/3/2017,8:09,7,,,7,85,0,175,14,162,130,10,208,96,112,10,121,,57,
10/20/2017,8:09,5,,,5,1,1,105,172,120,20,120,121,109,195,20,30,,90,
10/3/2017,8:09,10,,,10,55,84,25,132,119,140,80,65,55,151,101,10,,21,
8/29/2017,8:09,2,,,2,58,104,21,182,15,53,112,173,79,103,41,108,,149,
3/17/2017,8:09,12,,,12,56,68,21,4,16,116,8,54,75,98,76,105,,127,
3/10/2017,8:09,2,,,2,62,52,110,140,59,137,151,184,83,135,76,34,,120,
3/8/2017,8:09,2,,,2,74,1,127,179,164,146,18,91,5,69,76,10,,98,
2/22/2017,8:09,4,,,4,46,52,40,29,155,56,193,13,70,97,,16,,106,
1/31/2017,8:09,1,,,1,68,8,162,178,153,113,73,11,92,137,,120,,118,
11/18/2016,8:09,10,,,10,67,1,105,25,168,77,15,20,91,102,,62,,51,
10/31/2016,8:09,15,,,15,71,95,187,170,171,85,162,150,106,15,,38,,38,
9/8/2016,8:09,10,,,10,67,91,101,165,72,142,15,75,85,19,,132,,140,
10/30/2017,8:10,8,,,8,67,75,13,12,18,82,26,145,77,22,,25,,175,
10/16/2017,8:10,6,,,6,66,0,122,114,92,135,165,109,200,146,,100,,131,
10/6/2017,8:10,6,,,6,72,55,108,4,133,120,105,189,80,146,,115,,102,
9/28/2017,8:10,9,,,9,42,0,113,16,147,117,85,131,80,79,,100,,76,
9/14/2017,8:10,2,,,2,69,6,102,128,102,23,146,85,89,187,,25,,92,
9/6/2017,8:10,6,,,6,97,45,162,13,15,18,143,"110
",187,178,,119,,78,
3/22/2017,8:10,2,,,2,2,120,120,179,29,126,154,101,110,122,,113,,135,
2/28/2017,8:10,8,,,8,41,68,151,128,121,71,147,101,101,128,,62,,149,
2/8/2017,8:10,0,,,0,55,55,109,9,139,80,26,78,132,28,,141,,160,
10/5/2017,8:11,7,,,7,76,73,177,27,133,131,16,184,131,63,,125,,20,
9/25/2017,8:11,6,,,6,46,1,217,188,24,72,6,85,159,137,,"130
",,134,
5/19/2017,8:11,4,,,4,63,83,13,7,55,133,160,24,90,120,,90,,80,
4/21/2017,8:11,0,,,0,63,110,101.8478261,8,134,147,98,13,124,14,,36,,111,
4/12/2017,8:11,9,,,9,65,85,,120,81,26,149,128,94,7,,152,,131,
4/5/2017,8:11,1,,,1,62,76,,135,72,235,133,168,62,190,,79,,109,
3/28/2017,8:11,5,,,5,80,90,,219,179,105,56,37,85,140,,106,,157,
3/7/2017,8:11,3,,,3,65,3,,167,74,121,168,134,120,100,,185,,85,
2/14/2017,8:11,6,,,6,0,83,,115,19,45,72.42307692,33,165,95,,13,,88,
2/3/2017,8:11,3,,,3,71,102,,17,36,5,,229,107,114,,87,,75,
11/16/2016,8:11,6,,,6,53,81,,9,63,10,,177,132,55,,46,,98,
11/9/2016,8:11,6,,,6,72,53,,166,164,170,,54,25,133,,27,,106,
10/26/2016,8:11,"6
",,,"6
",73,51,,162,63,52,,21,87.83928571,111,,25,,2,
10/24/2016,8:11,10,,,10,71,50,,37,176,70,,19,,137,,26,,180,
10/14/2016,8:11,6,,,6,53.64912281,80,,48,30,85,,16,,84,,75,,117,
9/19/2017,8:12,0,,,0,,77,,164,85,52,,217,,98,,65,,121,
5/12/2017,8:12,14,,,14,,93,,151,56,104,,140,,110,,121,,107,
5/9/2017,8:12,2,,,2,,64,,113,104.1311475,120,,10,,75,,155,,82,
4/18/2017,8:12,5,,,5,,102,,167,,185,,135,,60,,174,,80,
2/1/2017,8:12,3,,,3,,78,,143,,208,,110,,14,,33,,118,
12/15/2016,8:12,20,,,20,,70,,148,,108,,117,,21,,110,,124,
11/21/2016,8:12,20,,,20,,61,,156,,85,,163,,128,,154,,125,
10/27/2016,8:12,15,,,15,,100,,153,,97,,158,,77,,84,,100,
11/20/2017,8:13,10,,,10,,90,,131,,100,,182,,57,,35,,108,
11/9/2017,8:13,7,,,7,,120,,154,,80,,27,,127,,135,,111,
10/24/2017,8:13,6,,,6,,115,,150,,136,,135,,100,,152,,143,
9/13/2017,8:13,2,,,2,,100,,24,,13,,212,,130,,80,,116,
9/12/2017,8:13,6,,,6,,2,,165,,57,,51,,67,,122,,76,
5/17/2017,8:13,2,,,2,,4,,14,,21,,49,,52,,132,,125,
5/3/2017,8:13,3,,,3,,76,,1,,108,,101,,138,,13,,120,
4/28/2017,8:13,13,,,13,,62,,11,,156,,205,,10,,3,,160,
4/10/2017,8:13,16,,,16,,53,,89,,103,,175,,12,,7,,151,
3/3/2017,8:13,12,,,12,,110,,42,,119,,22,,24,,12,,"135
",
2/24/2017,8:13,10,,,10,,100,,155,,149,,149,,75,,21,,139,
2/10/2017,8:13,2,,,2,,80,,147,,45,,139,,135,,139,,56,
12/5/2016,8:13,20,,,20,,,,110,,120,,170,,165,,130,,18,
11/30/2016,8:13,10,,,10,,85,,186,,120,,181,,140,,17,,165,
10/21/2016,8:13,10,,,10,,5,,167,,"190
",,182,,66,,89,,142,
9/19/2016,8:13,11,,,11,,87,,28,,113,,110,,171,,122,,78,
11/14/2017,8:14,7,,,7,,61,,190,,109,,60,,118,,45,,113,
11/10/2017,8:14,5,,,5,,59,,27,,143,,150,,114,,120,,21,
10/23/2017,8:14,2,,,2,,55,,146,,8,,228,,79,,115,,89,
10/11/2017,8:14,9,,,9,,107,,36,,23,,143,,"132
",,102,,139,
9/26/2017,8:14,6,,,6,,80,,22,,219,,67,,120,,14,,120,
9/18/2017,8:14,4,,,4,,77,,141,,140,,85,,140,,8,,126,
8/31/2017,8:14,5,,,5,,0,,11,,95,,98,,104,,18,,177,
5/16/2017,8:14,7,,,7,,80,,2,,70,,180,,68,,2,,97,
3/27/2017,8:14,22,,,22,,66,,2,,105,,223,,111,,180,,52,
3/13/2017,8:14,17,,,17,,78,,12,,132,,143,,21,,110,,78,
2/2/2017,8:14,12,,,12,,61,,6,,71,,45,,19,,80,,153,
12/19/2016,8:14,20,,,20,,2,,155,,182,,128,,137,,163,,88,
12/8/2016,8:14,15,,,15,,57,,128,,151,,12,,30,,47,,133,
9/12/2016,8:14,20,,,20,,101,,137,,81,,185,,118,,170,,167,
11/21/2017,8:15,4,,,4,,66,,187,,43,,175,,185,,130,,154,
11/7/2017,8:15,7,,,7,,110,,13,,147,,215,,185,,220,,144,
10/17/2017,8:15,5,,,5,,101,,160,,89,,2,,102,,131,,108,
10/2/2017,8:15,14,,,14,,25,,119,,152,,68,,42,,122,,74,
8/28/2017,8:15,4,,,4,,75,,9,,74,,28,,111,,0,,54,
8/14/2017,8:15,0,,,0,,5,,4,,84,,16,,163,,115,,59,
8/14/2017,8:15,0,,,0,,81,,10,,76,,167,,146,,119,,89,
5/10/2017,8:15,2,,,2,,83,,137,,125,,106,,152,,105,,95,
4/26/2017,8:15,6,,,6,,6,,178,,101,,81,,103,,42,,110,
2/15/2017,8:15,10,,,10,,107,,145,,130,,145,,179,,126,,28,
10/20/2016,8:15,20,,,20,,8,,152,,156,,127,,10,,32,,73,
10/7/2016,8:15,21,,,21,,110,,43,,50,,206,,4,,27,,97,
9/16/2016,8:15,12,,,12,,7,,30,,75,,138,,150,,172,,130,
11/30/2017,8:16,14,,,14,,70,,7,,34,,77,,167,,7,,134,
8/25/2017,8:16,2,,,2,,51,,38,,145,,265,,75,,6,,133,
5/5/2017,8:16,7,,,7,,62,,27,,84,,270,,75,,17,,170,
11/13/2017,8:17,9,,,9,,1,,121,,13,,170,,140,,70,,86,
4/20/2017,8:17,6,,,6,,80,,120,,71,,56,,130,,146,,191,
3/31/2017,8:17,12,,,12,,107,,167,,134,,146,,90,,152,,175,
9/15/2016,8:17,13,,,13,,63,,28,,195,,91,,96,,35,,121,
11/27/2017,8:18,9,,,9,,43,,15,,166,,139,,131,,17,,153,
11/17/2017,8:18,13,,,13,,92,,0,,60,,178,,54,,121,,98,
11/16/2017,8:18,9,,,9,,67,,42,,115,,179,,112,,130,,104,
10/4/2017,8:18,6,,,6,,98,,138,,92,,205,,119,,27,,151,
9/20/2017,8:18,7,,,7,,84,,165,,69,,145,,135,,140,,100,
9/8/2017,8:18,5,,,5,,95,,131,,96,,127,,80,,158,,79,
9/7/2017,8:18,9,,,9,,106,,"127
",,76,,20,,83,,167,,62,
4/27/2017,8:18,13,,,13,,101,,103,,166,,112,,143,,102,,123,
4/17/2017,8:18,4,,,4,,74,,33,,204,,175,,129,,112,,110,
3/16/2017,8:18,14,,,14,,1,,167,,120,,90,,14,,101,,165,
3/9/2017,8:18,25,,,25,,83,,4,,142,,126,,19,,132,,110,
3/1/2017,8:18,5,,,5,,108,,19,,39,,74,,12,,26,,80,
12/14/2016,8:18,15,,,15,,1,,22,,130,,15,,165,,32,,126,
11/23/2016,8:18,1,,,1,,5,,158,,33,,8,,142,,145,,70,
10/13/2016,8:18,15,,,15,,120,,157,,52,,123,,53,,193,,143,
9/30/2016,8:18,12,,,12,,85,,153,,163,,102,,90,,137,,85,
9/2/2016,8:18,,,,,,62,,165,,144,,131,,46,,151,,134,
9/1/2016,8:18,10,,,10,,69,,26,,107,,158,,140,,119,,121,
4/25/2017,8:19,1,,,1,,115,,123,,103,,177,,82,,12,,129,
9/22/2016,8:19,10,,,10,,86,,197,,120,,211,,138,,185,,123,
8/31/2016,8:19,,,,,,104,,136,,152,,76,,99,,155,,105,
8/19/2016,8:19,0,,,0,,58,,167,,79,,128,,,,74,,62,
8/18/2016,8:19,1,,,1,,84,,28,,75,,56,,,,22,,52,
11/1/2017,8:20,4,,,4,,82,,143,,9,,133,,,,100,,95,
10/25/2017,8:20,7,,,7,,65,,10,,152,,124,,120,,34,,94,
3/30/2017,8:20,19,,,19,,25,,26,,111,,103,,176,,30,,130,
2/21/2017,8:20,12,,,12,,86,,25,,72,,142,,122,,123,,103,
11/3/2016,8:20,26,,,26,,105,,132,,42,,82,,137,,131,,110,
9/23/2016,8:20,12,,,12,,103,,40,,45,,195,,130,,44,,75,
10/27/2017,8:21,17,,,17,,33,,150,,152,,187,,20,,184,,50,
10/12/2017,8:21,21,,,21,,89,,108,,148,,15,,160,,14,,5,
9/22/2017,8:21,11,,,11,,56,,87,,139,,235,,153,,,,142,
5/11/2017,8:21,7,,,7,,80,,87,,157,,182,,75,,147,,150,
11/28/2017,8:22,16,,,16,,10,,11,,15,,140,,136,,123,,121,
10/31/2017,8:22,9,,,9,,93,,21,,153,,38,,76,,25,,152,
10/13/2017,8:22,19,,,19,,"87
",,125,,114,,131,,131,,117,,101,
9/29/2017,8:22,10,,,10,,43,,2,,143,,260,,78,,100,,122,
5/18/2017,8:22,38,,,38,,45,,50,,94,,95,,,,10,,86,
5/1/2017,8:22,14,,,14,,55,,9,,94,,126,,146,,8,,160,
4/3/2017,8:22,18,,,18,,67,,41,,105,,127,,171,,170,,165,
12/21/2016,8:22,9,,,9,,62,,22,,89,,69,,168,,165,,147,
8/23/2016,8:22,0,,,0,,49,,26,,73,,91,,120,,135,,69,
8/12/2016,8:22,0,,,0,,72,,125,,6,,23,,106,,32,,84,
1/27/2017,8:23,5,,,5,,3,,10,,145,,120,,174,,96,,129,
12/22/2016,8:23,25,,,25,,63,,139,,124,,118,,126,,117,,104,
9/11/2017,8:24,18,,,18,,65,,181,,10,,132,,77,,76,,162,
9/26/2016,8:25,20,,,20,,67,,"79
",,156,,92,,66,,138,,126,
11/15/2017,8:26,16,,,16,,84,,137,,109,,57,,124,,94,,53,
5/8/2017,8:26,25,,,25,,60,,135,,112,,166,,65,,117,,30,
1/25/2017,8:26,0,,,0,,81,,45,,30,,133,,157,,31,,105,
10/17/2016,8:26,20,,,20,,21,,160,,66,,91,,45,,74,,147,
10/6/2016,8:26,16,,,16,,80,,25,,188,,15,,41,,87,,170,
5/15/2017,8:27,36,,,36,,80,,22,,148,,196,,158,,133,,74,
10/12/2016,8:27,15,,,15,,100,,15,,187,,164,,90,,137,,163,
9/1/2017,8:29,8,,,8,,,,7,,23,,137,,62,,19,,129,
9/27/2017,8:30,18,,,18,,114,,201,,110,,21,,83,,32,,84,
11/8/2017,8:32,13,,,13,,120,,101,,59,,190,,33,,10,,36,
8/22/2016,8:36,2,,,2,,0,,7,,157,,136,,20,,7,,105,
4/11/2017,8:42,1,,,1,,88,,79,,109,,172,,15,,185,,46,
11/2/2017,8:44,28,,,28,,102,,125,,87,,201,,140,,13,,24,
11/7/2016,8:44,27,,,27,,8,,157,,146,,139,,132,,189,,86,
11/2/2016,8:44,15,,,15,,69,,135,,118,,163,,108,,93,,103,
12/12/2016,8:47,10,,,10,,"81
",,112,,112,,38,,109,,44,,45,
2/7/2017,8:53,3,,,3,,12,,9,,14,,,,30,,110,,82,
8/15/2016,8:56,0,,,0,,3,,6,,146,,190,,142,,214,,30,
10/11/2016,9:00,5,,,5,,77,,97,,89,,63,,70,,132,,55,
11/1/2016,9:02,28,,,9.872222222,,1,,36,,114,,178,,125,,105,,130,
9/27/2016,9:03,45,,,,,60.36666667,,17,,158,,156,,85,,120,,105.7486339,
11/29/2016,9:04,52,,,,,,,16,,74,,128,,125,,158,,,
12/6/2016,9:05,48,,,,,,,140,,86,,150,,180,,35,,,
11/11/2016,9:06,52,,,,,,,108,,145,,145,,23,,167,,,
9/14/2016,9:06,"21
",,,,,,,23,,125,,100,,124,,10,,,
12/16/2016,9:08,58,,,,,,,3,,101,,46,,45,,146,,,
11/17/2016,9:08,55,,,,,,,77,,57,,163,,24,,112,,,
9/13/2016,9:08,36,,,,,,,121,,15,,131,,69,,31,,,
11/4/2016,9:09,45,,,,,,,39,,0,,142,,126,,20,,,
9/6/2016,9:12,42,,,,,,,35,,22,,90,,65,,136,,,
12/2/2016,9:15,64,,,,,,,150,,89,,20,,196,,126,,,
11/15/2016,9:15,35,,,,,,,35,,128,,43,,140,,83,,,
10/28/2016,9:15,55,,,,,,,155,,70,,106,,151,,6,,,
8/24/2016,9:15,2,,,,,,,115,,161,,157,,145,,149,,,
10/25/2016,9:16,43,,,,,,,95,,84,,25,,68,,32,,,
10/18/2016,9:16,52,,,,,,,71,,115,,101,,137,,196,,,
12/20/2016,9:19,110,,,,,,,220,,124,,210,,25,,179,,,
11/8/2016,9:20,48,,,,,,,143,,123,,161,,95,,6,,,
12/9/2016,9:21,57,,,,,,,20,,134,,159,,58,,161,,,
10/4/2016,9:22,45,,,,,,,192,,57,,172,,128,,118,,,
8/25/2016,9:27,0,,,,,,,34,,86,,85,,15,,137,,,
9/29/2016,9:28,85,,,,,,,168,,115,,50,,250,,110,,,
8/16/2016,9:42,1,,,,,,,141,,24,,28,,202,,152,,,
10/31/2017,9:45,55,,,,,,,145,,32,,186,,67,,32,,,
11/10/2017,9:50,58,,,,,,,144,,42,,165,,96,,160,,,
11/17/2017,9:51,56,,,,,,,162,,130,,77,,110,,8,,,
11/15/2017,9:51,62,,,,,,,104,,20,,178,,23,,19,,,
10/12/2017,9:51,74,,,,,,,119,,110,,19,,191,,147,,,
4/20/2017,9:51,46,,,,,,,25,,91,,172,,124,,209,,,
10/25/2017,9:52,68,,,,,,,141,,95,,165,,136,,42,,,
10/17/2017,9:54,67,,,,,,,120,,153,,156,,153,,184,,,
10/11/2017,9:54,71,,,,,,,20,,164,,173,,74,,115,,,
11/16/2017,9:55,67,,,,,,,14,,124,,173,,109,,,,,
11/16/2017,9:55,67,,,,,,,114,,136,,73,,42,,20,,,
11/14/2017,9:55,66,,,,,,,31,,22,,83,,140,,39,,,
4/6/2017,9:55,72,,,,,,,12,,89,,75,,91,,8,,,
3/7/2017,9:55,42,,,,,,,78,,155,,172,,37,,145,,,
10/13/2017,9:56,69,,,,,,,28,,117,,98,,62,,105,,,
5/19/2017,9:56,97,,,,,,,60,,142,,298,,45,,70,,,
5/6/2017,9:56,2,,,,,,,95,,85,,13,,40,,9,,,
2/14/2017,9:56,41,,,,,,,89,,177,,195,,107,,35,,,
11/3/2017,9:57,55,,,,,,,110,,156,,182,,108,,127,,,
9/23/2016,9:57,76,,,,,,,172,,149,,165,,18,,119,,,
11/21/2017,9:58,46,,,,,,,23,,144,,206,,112,,205,,,
10/6/2017,9:58,63,,,,,,,6,,75,,120,,49,,149,,,
10/3/2017,9:58,63,,,,,,,1,,11,,160,,109,,124,,,
9/12/2017,9:58,65,,,,,,,35,,23,,92,,192,,166,,,
5/17/2017,9:58,62,,,,,,,35,,144,,134,,141,,113,,,
12/15/2016,9:58,80,,,,,,,138,,15,,205,,28,,189,,,
10/28/2016,9:58,65,,,,,,,147,,116,,87,,33,,49,,,
10/22/2016,9:58,0,,,,,,,12,,132,,153,,40,,120,,,
9/19/2017,9:59,71,,,,,,,140,,19,,5,,93,,118,,,
4/28/2017,9:59,53,,,,,,,13,,17,,65,,46,,139,,,
4/13/2017,9:59,72,,,,,,,25,,139,,194,,6,,187,,,
3/9/2017,9:59,73,,,,,,,151,,157,,45,,11,,127,,,
10/25/2016,9:59,71,,,,,,,190,,114,,11,,37,,138,,,
11/30/2017,10:00,61,,,,,,,129,,177,,20,,111,,112,,,
9/22/2017,10:00,54,,,,,,,135,,28,,15,,92,,123,,,
9/5/2017,10:00,102,,,,,,,9,,137,,142,,100,,142,,,
5/13/2017,10:00,2,,,,,,,151,,124,,67,,143,,16,,,
4/15/2017,10:00,4,,,,,,,51,,102,,154,,57,,6,,,
4/8/2017,10:00,2,,,,,,,10,,74,,187,,76,,20,,,
4/1/2017,10:00,2,,,,,,,222,,200,,25,,153,,152,,,
3/23/2017,10:00,2,,,,,,,92,,202,,8,,67,,37,,,
2/3/2017,10:00,59,,,,,,,11,,101,,183,,84,,18,,,
1/28/2017,10:00,1,,,,,,,18,,103,,120,,61,,28,,,
11/19/2016,10:00,3,,,,,,,114,,21,,134,,96,,128,,,
8/28/2016,10:00,1,,,,,,,176,,202,,203,,15,,75,,,
8/24/2016,10:00,5,,,,,,,13,,225,,149,,71,,132,,,
10/27/2017,10:01,52,,,,,,,166,,14,,67,,78,,90,,,
10/26/2017,10:01,75,,,,,,,171,,72,,11,,139,,26,,,
10/23/2017,10:01,87,,,,,,,97,,7,,89,,103,,140,,,
10/20/2017,10:01,56,,,,,,,42,,207,,146,,13,,47,,,
9/8/2017,10:01,76,,,,,,,"150
",,73,,138,,51,,92,,,
4/14/2017,10:01,59,,,,,,,91.18823529,,130,,182,,19,,35,,,
2/11/2017,10:01,2,,,,,,,,,16,,162,,14,,35,,,
11/5/2016,10:01,2,,,,,,,,,166,,16,,31,,11,,,
11/5/2016,10:01,2,,,,,,,,,12,,151,,8,,144,,,
11/2/2016,10:01,60,,,,,,,,,90,,157,,120,,147,,,
10/29/2016,10:01,0,,,,,,,,,87,,114,,123,,11,,,
10/1/2016,10:01,1,,,,,,,,,15,,120,,30,,98,,,
11/27/2017,10:02,84,,,,,,,,,102.0492424,,150,,128,,15,,,
9/25/2017,10:02,104,,,,,,,,,,,16,,83,,20,,,
4/25/2017,10:02,68,,,,,,,,,,,130,,74,,8,,,
2/17/2017,10:02,52,,,,,,,,,,,126,,94.121673,,141,,,
2/4/2017,10:02,1,,,,,,,,,,,10,,,,20,,,
1/31/2017,10:02,52,,,,,,,,,,,151,,,,135,,,
11/23/2016,10:02,8,,,,,,,,,,,123,,,,50,,,
11/12/2016,10:02,1,,,,,,,,,,,10,,,,21,,,
9/22/2016,10:02,95,,,,,,,,,,,115,,,,119,,,
10/18/2017,10:03,91,,,,,,,,,,,76,,,,126,,,
9/29/2017,10:03,75,,,,,,,,,,,160,,,,101,,,
4/22/2017,10:03,0,,,,,,,,,,,38,,,,72,,,
3/31/2017,10:03,55,,,,,,,,,,,8,,,,57,,,
3/18/2017,10:03,0,,,,,,,,,,,25,,,,142,,,
3/4/2017,10:03,6,,,,,,,,,,,108,,,,105,,,
2/15/2017,10:03,45,,,,,,,,,,,9,,,,90.31407942,,,
12/8/2016,10:03,120,,,,,,,,,,,29,,,,,,,
12/6/2016,10:03,68,,,,,,,,,,,15,,,,,,,
5/2/2017,10:04,55,,,,,,,,,,,100,,,,,,,
3/27/2017,10:04,73,,,,,,,,,,,40,,,,,,,
12/10/2016,10:04,1,,,,,,,,,,,116,,,,,,,
11/30/2016,10:04,83,,,,,,,,,,,25,,,,,,,
11/14/2016,10:04,110,,,,,,,,,,,120,,,,,,,
11/3/2016,10:04,85,,,,,,,,,,,56,,,,,,,
11/1/2016,10:04,76,,,,,,,,,,,25,,,,,,,
10/18/2016,10:04,90,,,,,,,,,,,114.09375,,,,,,,
10/7/2016,10:04,3,,,,,,,,,,,,,,,,,,
10/4/2016,10:04,83,,,,,,,,,,,,,,,,,,
10/16/2017,10:05,102,,,,,,,,,,,,,,,,,,
3/30/2017,10:05,81,,,,,,,,,,,,,,,,,,
2/24/2017,10:05,53,,,,,,,,,,,,,,,,,,
12/13/2016,10:05,51,,,,,,,,,,,,,,,,,,
12/12/2016,10:05,50,,,,,,,,,,,,,,,,,,
12/5/2016,10:05,80,,,,,,,,,,,,,,,,,,
11/15/2016,10:05,77,,,,,,,,,,,,,,,,,,
9/27/2016,10:05,93,,,,,,,,,,,,,,,,,,
11/29/2017,10:06,64,,,,,,,,,,,,,,,,,,
10/24/2017,10:06,102,,,,,,,,,,,,,,,,,,
8/31/2017,10:06,78,,,,,,,,,,,,,,,,,,
4/10/2017,10:06,70,,,,,,,,,,,,,,,,,,
2/28/2017,10:06,61,,,,,,,,,,,,,,,,,,
12/1/2016,10:06,100,,,,,,,,,,,,,,,,,,
11/28/2016,10:06,90,,,,,,,,,,,,,,,,,,
10/27/2016,10:06,120,,,,,,,,,,,,,,,,,,
10/6/2016,10:06,115,,,,,,,,,,,,,,,,,,
9/15/2016,10:06,100,,,,,,,,,,,,,,,,,,
9/10/2016,10:06,2,,,,,,,,,,,,,,,,,,
8/23/2016,10:06,4,,,,,,,,,,,,,,,,,,
10/19/2017,10:07,76,,,,,,,,,,,,,,,,,,
5/9/2017,10:07,62,,,,,,,,,,,,,,,,,,
4/26/2017,10:07,53,,,,,,,,,,,,,,,,,,
12/19/2016,10:07,110,,,,,,,,,,,,,,,,,,
10/31/2016,10:07,100,,,,,,,,,,,,,,,,,,
10/3/2016,10:07,80,,,,,,,,,,,,,,,,,,
10/3/2016,10:07,,,,,,,,,,,,,,,,,,,
9/19/2016,10:07,85,,,,,,,,,,,,,,,,,,
9/17/2016,10:07,5,,,,,,,,,,,,,,,,,,
9/26/2017,10:08,87,,,,,,,,,,,,,,,,,,
9/1/2017,10:08,61,,,,,,,,,,,,,,,,,,
5/5/2017,10:08,59,,,,,,,,,,,,,,,,,,
3/3/2017,10:08,55,,,,,,,,,,,,,,,,,,
2/23/2017,10:08,107,,,,,,,,,,,,,,,,,,
10/14/2016,10:08,80,,,,,,,,,,,,,,,,,,
10/30/2017,10:09,77,,,,,,,,,,,,,,,,,,
4/29/2017,10:09,0,,,,,,,,,,,,,,,,,,
4/19/2017,10:09,80,,,,,,,,,,,,,,,,,,
3/6/2017,10:09,66,,,,,,,,,,,,,,,,,,
3/2/2017,10:09,78,,,,,,,,,,,,,,,,,,
2/21/2017,10:09,61,,,,,,,,,,,,,,,,,,
8/25/2016,10:09,2,,,,,,,,,,,,,,,,,,
9/15/2017,10:10,57,,,,,,,,,,,,,,,,,,
2/27/2017,10:10,101,,,,,,,,,,,,,,,,,,
2/2/2017,10:10,66,,,,,,,,,,,,,,,,,,
11/10/2016,10:10,110,,,,,,,,,,,,,,,,,,
11/20/2017,10:11,101,,,,,,,,,,,,,,,,,,
10/10/2017,10:11,25,,,,,,,,,,,,,,,,,,
9/18/2017,10:11,75,,,,,,,,,,,,,,,,,,
9/16/2017,10:11,5,,,,,,,,,,,,,,,,,,
9/13/2017,10:11,81,,,,,,,,,,,,,,,,,,
9/11/2017,10:11,83,,,,,,,,,,,,,,,,,,
3/11/2017,10:11,6,,,,,,,,,,,,,,,,,,
10/13/2016,10:11,107,,,,,,,,,,,,,,,,,,
9/24/2016,10:11,8,,,,,,,,,,,,,,,,,,
9/20/2016,10:11,110,,,,,,,,,,,,,,,,,,
8/26/2016,10:11,7,,,,,,,,,,,,,,,,,,
9/7/2017,10:12,70,,,,,,,,,,,,,,,,,,
8/28/2017,10:12,51,,,,,,,,,,,,,,,,,,
5/8/2017,10:12,62,,,,,,,,,,,,,,,,,,
2/25/2017,10:12,1,,,,,,,,,,,,,,,,,,
12/22/2016,10:12,80,,,,,,,,,,,,,,,,,,
10/5/2016,10:12,107,,,,,,,,,,,,,,,,,,
11/7/2017,10:13,63,,,,,,,,,,,,,,,,,,
11/1/2017,10:13,43,,,,,,,,,,,,,,,,,,
10/2/2017,10:13,92,,,,,,,,,,,,,,,,,,
5/12/2017,10:13,67,,,,,,,,,,,,,,,,,,
12/2/2016,10:13,98,,,,,,,,,,,,,,,,,,
10/26/2016,10:13,84,,,,,,,,,,,,,,,,,,
9/26/2016,10:13,95,,,,,,,,,,,,,,,,,,
10/5/2017,10:14,106,,,,,,,,,,,,,,,,,,
9/28/2017,10:14,101,,,,,,,,,,,,,,,,,,
9/6/2017,10:14,74,,,,,,,,,,,,,,,,,,
2/18/2017,10:14,1,,,,,,,,,,,,,,,,,,
11/16/2016,10:14,83,,,,,,,,,,,,,,,,,,
9/29/2016,10:14,108,,,,,,,,,,,,,,,,,,
9/9/2017,10:15,1,,,,,,,,,,,,,,,,,,
3/20/2017,10:15,5,,,,,,,,,,,,,,,,,,
10/20/2016,10:15,120,,,,,,,,,,,,,,,,,,
9/14/2017,10:16,85,,,,,,,,,,,,,,,,,,
3/10/2017,10:16,62,,,,,,,,,,,,,,,,,,
2/22/2017,10:16,69,,,,,,,,,,,,,,,,,,
11/17/2016,10:16,115,,,,,,,,,,,,,,,,,,
9/21/2016,10:16,86,,,,,,,,,,,,,,,,,,
9/8/2016,10:16,104,,,,,,,,,,,,,,,,,,
11/6/2017,10:17,58,,,,,,,,,,,,,,,,,,
11/2/2017,10:17,84,,,,,,,,,,,,,,,,,,
9/20/2017,10:17,82,,,,,,,,,,,,,,,,,,
10/19/2016,10:17,65,,,,,,,,,,,,,,,,,,
10/11/2016,10:17,25,,,,,,,,,,,,,,,,,,
11/13/2017,10:18,86,,,,,,,,,,,,,,,,,,
11/8/2017,10:18,105,,,,,,,,,,,,,,,,,,
5/3/2017,10:18,103,,,,,,,,,,,,,,,,,,
11/22/2016,10:18,33,,,,,,,,,,,,,,,,,,
9/13/2016,10:18,89,,,,,,,,,,,,,,,,,,
2/10/2017,10:19,56,,,,,,,,,,,,,,,,,,
9/2/2016,10:19,80,,,,,,,,,,,,,,,,,,
10/28/2017,10:20,10,,,,,,,,,,,,,,,,,,
8/30/2017,10:20,93,,,,,,,,,,,,,,,,,,
9/1/2016,10:20,"87
",,,,,,,,,,,,,,,,,,
2/2/2017,10:21,43,,,,,,,,,,,,,,,,,,
5/10/2017,10:22,45,,,,,,,,,,,,,,,,,,
4/7/2017,10:22,55,,,,,,,,,,,,,,,,,,
10/12/2016,10:22,67,,,,,,,,,,,,,,,,,,
8/29/2017,10:23,62,,,,,,,,,,,,,,,,,,
2/7/2017,10:23,49,,,,,,,,,,,,,,,,,,
1/26/2017,10:23,72,,,,,,,,,,,,,,,,,,
8/17/2016,10:23,3,,,,,,,,,,,,,,,,,,
1/25/2017,10:24,63,,,,,,,,,,,,,,,,,,
12/16/2016,10:24,65,,,,,,,,,,,,,,,,,,
4/12/2017,10:25,67,,,,,,,,,,,,,,,,,,
5/18/2017,10:26,84,,,,,,,,,,,,,,,,,,
8/31/2016,10:26,60,,,,,,,,,,,,,,,,,,
3/8/2017,10:28,81,,,,,,,,,,,,,,,,,,
2/20/2017,10:28,21,,,,,,,,,,,,,,,,,,
12/5/2016,10:29,80,,,,,,,,,,,,,,,,,,
12/9/2016,10:30,80,,,,,,,,,,,,,,,,,,
10/17/2016,10:30,100,,,,,,,,,,,,,,,,,,
9/7/2016,10:31,,,,,,,,,,,,,,,,,,,
10/4/2017,10:32,114,,,,,,,,,,,,,,,,,,
9/12/2016,10:32,120,,,,,,,,,,,,,,,,,,
9/23/2017,10:34,0,,,,,,,,,,,,,,,,,,
5/1/2017,10:38,88,,,,,,,,,,,,,,,,,,
11/29/2016,10:39,102,,,,,,,,,,,,,,,,,,
1/28/2017,10:43,8,,,,,,,,,,,,,,,,,,
5/15/2017,10:44,69,,,,,,,,,,,,,,,,,,
9/9/2016,10:45,"81
",,,,,,,,,,,,,,,,,,
3/22/2017,10:48,12,,,,,,,,,,,,,,,,,,
8/19/2016,10:48,3,,,,,,,,,,,,,,,,,,
11/4/2016,10:53,77,,,,,,,,,,,,,,,,,,
10/21/2017,10:55,1,,,,,,,,,,,,,,,,,,
12/3/2016,11:00,1,,,,,,,,,,,,,,,,,,
10/15/2016,11:03,5,,,,,,,,,,,,,,,,,,
1/24/2017,11:08,23,,,,,,,,,,,,,,,,,,
11/22/2017,11:15,9,,,,,,,,,,,,,,,,,,
8/17/2016,11:41,22,,,,,,,,,,,,,,,,,,
10/24/2017,11:49,127,,,,,,,,,,,,,,,,,,
8/16/2017,11:49,9,,,,,,,,,,,,,,,,,,
11/8/2017,11:50,145,,,,,,,,,,,,,,,,,,
10/10/2017,11:51,48,,,,,,,,,,,,,,,,,,
10/3/2017,11:51,151,,,,,,,,,,,,,,,,,,
11/28/2017,11:52,179,,,,,,,,,,,,,,,,,,
3/2/2017,11:52,128,,,,,,,,,,,,,,,,,,
11/29/2017,11:53,177,,,,,,,,,,,,,,,,,,
11/18/2017,11:54,  ,,,,,,,,,,,,,,,,,,
11/14/2017,11:54,163,,,,,,,,,,,,,,,,,,
10/28/2017,11:54,34,,,,,,,,,,,,,,,,,,
10/18/2017,11:54,131,,,,,,,,,,,,,,,,,,
9/26/2017,11:54,158,,,,,,,,,,,,,,,,,,
8/31/2017,11:54,158,,,,,,,,,,,,,,,,,,
10/27/2016,11:54,166,,,,,,,,,,,,,,,,,,
11/15/2017,11:55,152,,,,,,,,,,,,,,,,,,
11/4/2017,11:55,18,,,,,,,,,,,,,,,,,,
10/13/2017,11:55,95,,,,,,,,,,,,,,,,,,
10/12/2017,11:55,175,,,,,,,,,,,,,,,,,,
9/12/2017,11:55,105,,,,,,,,,,,,,,,,,,
4/22/2017,11:55,25,,,,,,,,,,,,,,,,,,
3/4/2017,11:55,21,,,,,,,,,,,,,,,,,,
1/26/2017,11:55,21,,,,,,,,,,,,,,,,,,
11/17/2017,11:56,110,,,,,,,,,,,,,,,,,,
11/3/2017,11:56,127,,,,,,,,,,,,,,,,,,
10/14/2017,11:56,40,,,,,,,,,,,,,,,,,,
9/14/2017,11:56,162,,,,,,,,,,,,,,,,,,
10/20/2017,11:57,105,,,,,,,,,,,,,,,,,,
10/19/2017,11:57,187,,,,,,,,,,,,,,,,,,
10/11/2017,11:57,101,,,,,,,,,,,,,,,,,,
8/14/2017,11:57,13,,,,,,,,,,,,,,,,,,
5/8/2017,11:57,122,,,,,,,,,,,,,,,,,,
2/2/2017,11:57,108,,,,,,,,,,,,,,,,,,
12/21/2016,11:57,113,,,,,,,,,,,,,,,,,,
11/21/2017,11:58,102,,,,,,,,,,,,,,,,,,
10/30/2017,11:58,162,,,,,,,,,,,,,,,,,,
10/6/2017,11:58,120,,,,,,,,,,,,,,,,,,
11/7/2017,11:59,151,,,,,,,,,,,,,,,,,,
10/27/2017,11:59,109,,,,,,,,,,,,,,,,,,
10/26/2017,11:59,177,,,,,,,,,,,,,,,,,,
5/18/2017,11:59,217,,,,,,,,,,,,,,,,,,
3/22/2017,11:59,13,,,,,,,,,,,,,,,,,,
11/10/2017,12:00,125,,,,,,,,,,,,,,,,,,
10/23/2017,12:00,146,,,,,,,,,,,,,,,,,,
8/18/2017,12:00,10,,,,,,,,,,,,,,,,,,
5/2/2017,12:00,181,,,,,,,,,,,,,,,,,,
4/8/2017,12:00,32,,,,,,,,,,,,,,,,,,
12/5/2016,12:00,156,,,,,,,,,,,,,,,,,,
11/16/2016,12:00,145,,,,,,,,,,,,,,,,,,
10/15/2016,12:00,45,,,,,,,,,,,,,,,,,,
9/28/2016,12:00,161,,,,,,,,,,,,,,,,,,
11/6/2017,12:01,162,,,,,,,,,,,,,,,,,,
9/28/2017,12:01,177,,,,,,,,,,,,,,,,,,
8/17/2017,12:01,7,,,,,,,,,,,,,,,,,,
11/3/2016,12:01,151,,,,,,,,,,,,,,,,,,
10/26/2016,12:01,142,,,,,,,,,,,,,,,,,,
11/9/2017,12:02,201,,,,,,,,,,,,,,,,,,
9/21/2017,12:02,175,,,,,,,,,,,,,,,,,,
8/11/2017,12:02,10,,,,,,,,,,,,,,,,,,
4/29/2017,12:02,24,,,,,,,,,,,,,,,,,,
4/18/2017,12:02,160,,,,,,,,,,,,,,,,,,
8/17/2016,12:02,17,,,,,,,,,,,,,,,,,,
11/13/2017,12:03,191,,,,,,,,,,,,,,,,,,
9/11/2017,12:03,168,,,,,,,,,,,,,,,,,,
8/21/2017,12:03,16,,,,,,,,,,,,,,,,,,
6/30/2017,12:03,14,,,,,,,,,,,,,,,,,,
12/1/2016,12:03,172,,,,,,,,,,,,,,,,,,
10/31/2017,12:04,132,,,,,,,,,,,,,,,,,,
10/5/2017,12:04,182,,,,,,,,,,,,,,,,,,
8/24/2017,12:04,4,,,,,,,,,,,,,,,,,,
5/17/2017,12:04,140,,,,,,,,,,,,,,,,,,
5/16/2017,12:04,179,,,,,,,,,,,,,,,,,,
5/7/2017,12:04,29,,,,,,,,,,,,,,,,,,
4/24/2017,12:04,178,,,,,,,,,,,,,,,,,,
4/15/2017,12:04,25,,,,,,,,,,,,,,,,,,
4/12/2017,12:04,170,,,,,,,,,,,,,,,,,,
4/5/2017,12:04,165,,,,,,,,,,,,,,,,,,
2/18/2017,12:04,12,,,,,,,,,,,,,,,,,,
1/23/2017,12:04,114,,,,,,,,,,,,,,,,,,
11/27/2016,12:04,4,,,,,,,,,,,,,,,,,,
10/29/2016,12:04,16,,,,,,,,,,,,,,,,,,
10/21/2016,12:04,128,,,,,,,,,,,,,,,,,,
10/16/2016,12:04,13,,,,,,,,,,,,,,,,,,
10/14/2016,12:04,179,,,,,,,,,,,,,,,,,,
9/15/2016,12:04,128,,,,,,,,,,,,,,,,,,
11/22/2017,12:05,9,,,,,,,,,,,,,,,,,,
9/30/2017,12:05,27,,,,,,,,,,,,,,,,,,
9/18/2017,12:05,188,,,,,,,,,,,,,,,,,,
8/7/2017,12:05,7,,,,,,,,,,,,,,,,,,
6/9/2017,12:05,8,,,,,,,,,,,,,,,,,,
3/29/2017,12:05,120,,,,,,,,,,,,,,,,,,
9/22/2016,12:05,135,,,,,,,,,,,,,,,,,,
10/16/2017,12:06,219,,,,,,,,,,,,,,,,,,
9/25/2017,12:06,167,,,,,,,,,,,,,,,,,,
9/22/2017,12:06,115,,,,,,,,,,,,,,,,,,
9/9/2017,12:06,17,,,,,,,,,,,,,,,,,,
6/23/2017,12:06,9,,,,,,,,,,,,,,,,,,
3/1/2017,12:06,166,,,,,,,,,,,,,,,,,,
12/16/2016,12:06,162,,,,,,,,,,,,,,,,,,
12/10/2016,12:06,37,,,,,,,,,,,,,,,,,,
12/3/2016,12:06,48,,,,,,,,,,,,,,,,,,
11/10/2016,12:06,164,,,,,,,,,,,,,,,,,,
11/9/2016,12:06,151,,,,,,,,,,,,,,,,,,
10/28/2016,12:06,113,,,,,,,,,,,,,,,,,,
10/13/2016,12:06,167,,,,,,,,,,,,,,,,,,
9/1/2016,12:06,143,,,,,,,,,,,,,,,,,,
11/2/2017,12:07,148,,,,,,,,,,,,,,,,,,
9/20/2017,12:07,156,,,,,,,,,,,,,,,,,,
3/30/2017,12:07,153,,,,,,,,,,,,,,,,,,
3/8/2017,12:07,131,,,,,,,,,,,,,,,,,,
2/27/2017,12:07,154,,,,,,,,,,,,,,,,,,
2/15/2017,12:07,150,,,,,,,,,,,,,,,,,,
11/5/2016,12:07,24,,,,,,,,,,,,,,,,,,
10/6/2016,12:07,165,,,,,,,,,,,,,,,,,,
9/10/2016,12:07,14,,,,,,,,,,,,,,,,,,
11/19/2017,12:08,1,,,,,,,,,,,,,,,,,,
10/29/2017,12:08,11,,,,,,,,,,,,,,,,,,
5/10/2017,12:08,89,,,,,,,,,,,,,,,,,,
5/6/2017,12:08,42,,,,,,,,,,,,,,,,,,
5/3/2017,12:08,155,,,,,,,,,,,,,,,,,,
5/1/2017,12:08,147,,,,,,,,,,,,,,,,,,
4/28/2017,12:08,110,,,,,,,,,,,,,,,,,,
4/26/2017,12:08,186,,,,,,,,,,,,,,,,,,
4/13/2017,12:08,167,,,,,,,,,,,,,,,,,,
4/1/2017,12:08,28,,,,,,,,,,,,,,,,,,
3/9/2017,12:08,190,,,,,,,,,,,,,,,,,,
2/4/2017,12:08,27,,,,,,,,,,,,,,,,,,
12/9/2016,12:08,146,,,,,,,,,,,,,,,,,,
10/1/2016,12:08,36,,,,,,,,,,,,,,,,,,
10/22/2017,12:09,22,,,,,,,,,,,,,,,,,,
8/30/2017,12:09,141,,,,,,,,,,,,,,,,,,
7/21/2017,12:09,11,,,,,,,,,,,,,,,,,,
7/9/2017,12:09,2,,,,,,,,,,,,,,,,,,
6/4/2017,12:09,2,,,,,,,,,,,,,,,,,,
4/16/2017,12:09,12,,,,,,,,,,,,,,,,,,
3/18/2017,12:09,6,,,,,,,,,,,,,,,,,,
2/13/2017,12:09,155,,,,,,,,,,,,,,,,,,
1/30/2017,12:09,128,,,,,,,,,,,,,,,,,,
1/25/2017,12:09,137,,,,,,,,,,,,,,,,,,
11/28/2016,12:09,187,,,,,,,,,,,,,,,,,,
9/18/2016,12:09,13,,,,,,,,,,,,,,,,,,
11/20/2017,12:10,160,,,,,,,,,,,,,,,,,,
8/28/2017,12:10,119,,,,,,,,,,,,,,,,,,
8/27/2017,12:10,9,,,,,,,,,,,,,,,,,,
8/6/2017,12:10,4,,,,,,,,,,,,,,,,,,
6/29/2017,12:10,10,,,,,,,,,,,,,,,,,,
5/5/2017,12:10,137,,,,,,,,,,,,,,,,,,
5/4/2017,12:10,178,,,,,,,,,,,,,,,,,,
4/4/2017,12:10,145,,,,,,,,,,,,,,,,,,
3/10/2017,12:10,152,,,,,,,,,,,,,,,,,,
12/11/2016,12:10,43,,,,,,,,,,,,,,,,,,
11/20/2016,12:10,30,,,,,,,,,,,,,,,,,,
10/30/2016,12:10,7,,,,,,,,,,,,,,,,,,
10/11/2016,12:10,38,,,,,,,,,,,,,,,,,,
9/25/2016,12:10,27,,,,,,,,,,,,,,,,,,
9/23/2016,12:10,121,,,,,,,,,,,,,,,,,,
10/25/2017,12:11,120,,,,,,,,,,,,,,,,,,
10/4/2017,12:11,167,,,,,,,,,,,,,,,,,,
9/17/2017,12:11,28,,,,,,,,,,,,,,,,,,
8/4/2017,12:11,15,,,,,,,,,,,,,,,,,,
7/30/2017,12:11,0,,,,,,,,,,,,,,,,,,
11/12/2016,12:11,42,,,,,,,,,,,,,,,,,,
11/2/2016,12:11,138,,,,,,,,,,,,,,,,,,
10/17/2016,12:11,165,,,,,,,,,,,,,,,,,,
9/12/2016,12:11,131,,,,,,,,,,,,,,,,,,
9/9/2016,12:11,"127
",,,,,,,,,,,,,,,,,,
9/2/2016,12:11,103,,,,,,,,,,,,,,,,,,
11/5/2017,12:12,33,,,,,,,,,,,,,,,,,,
11/1/2017,12:12,167,,,,,,,,,,,,,,,,,,
7/23/2017,12:12,4,,,,,,,,,,,,,,,,,,
7/6/2017,12:12,19,,,,,,,,,,,,,,,,,,
6/15/2017,12:12,22,,,,,,,,,,,,,,,,,,
5/9/2017,12:12,158,,,,,,,,,,,,,,,,,,
4/20/2017,12:12,157,,,,,,,,,,,,,,,,,,
2/23/2017,12:12,153,,,,,,,,,,,,,,,,,,
2/22/2017,12:12,165,,,,,,,,,,,,,,,,,,
11/26/2017,12:13,26,,,,,,,,,,,,,,,,,,
4/21/2017,12:13,123,,,,,,,,,,,,,,,,,,
4/6/2017,12:13,197,,,,,,,,,,,,,,,,,,
3/7/2017,12:13,136,,,,,,,,,,,,,,,,,,
3/6/2017,12:13,167,,,,,,,,,,,,,,,,,,
10/22/2016,12:13,28,,,,,,,,,,,,,,,,,,
9/30/2016,12:13,143,,,,,,,,,,,,,,,,,,
8/28/2016,12:13,10,,,,,,,,,,,,,,,,,,
11/12/2017,12:14,26,,,,,,,,,,,,,,,,,,
4/9/2017,12:14,25,,,,,,,,,,,,,,,,,,
4/7/2017,12:14,132,,,,,,,,,,,,,,,,,,
3/11/2017,12:14,40,,,,,,,,,,,,,,,,,,
2/16/2017,12:14,150,,,,,,,,,,,,,,,,,,
9/8/2016,12:14,108,,,,,,,,,,,,,,,,,,
8/31/2016,12:14,87,,,,,,,,,,,,,,,,,,
8/31/2016,12:14,87,,,,,,,,,,,,,,,,,,
8/18/2016,12:14,11,,,,,,,,,,,,,,,,,,
10/1/2017,12:15,21,,,,,,,,,,,,,,,,,,
9/5/2017,12:15,125,,,,,,,,,,,,,,,,,,
7/16/2017,12:15,2,,,,,,,,,,,,,,,,,,
2/20/2017,12:15,50,,,,,,,,,,,,,,,,,,
2/9/2017,12:15,9,,,,,,,,,,,,,,,,,,
2/5/2017,12:15,41,,,,,,,,,,,,,,,,,,
11/13/2016,12:15,22,,,,,,,,,,,,,,,,,,
10/2/2016,12:15,26,,,,,,,,,,,,,,,,,,
9/19/2017,12:16,125,,,,,,,,,,,,,,,,,,
8/15/2017,12:16,10,,,,,,,,,,,,,,,,,,
3/28/2017,12:16,139,,,,,,,,,,,,,,,,,,
11/14/2016,12:16,181,,,,,,,,,,,,,,,,,,
11/8/2016,12:16,"79
",,,,,,,,,,,,,,,,,,
9/6/2016,12:16,137,,,,,,,,,,,,,,,,,,
4/3/2017,12:17,135,,,,,,,,,,,,,,,,,,
3/5/2017,12:17,45,,,,,,,,,,,,,,,,,,
9/29/2016,12:17,160,,,,,,,,,,,,,,,,,,
9/10/2017,12:18,25,,,,,,,,,,,,,,,,,,
4/30/2017,12:18,22,,,,,,,,,,,,,,,,,,
4/2/2017,12:18,15,,,,,,,,,,,,,,,,,,
1/22/2017,12:18,7,,,,,,,,,,,,,,,,,,
12/13/2016,12:18,201,,,,,,,,,,,,,,,,,,
11/11/2016,12:18,101,,,,,,,,,,,,,,,,,,
7/7/2017,12:19,7,,,,,,,,,,,,,,,,,,
5/14/2017,12:19,79,,,,,,,,,,,,,,,,,,
4/10/2017,12:19,125,,,,,,,,,,,,,,,,,,
9/21/2016,12:19,157,,,,,,,,,,,,,,,,,,
9/7/2016,12:19,135,,,,,,,,,,,,,,,,,,
3/31/2017,12:20,112,,,,,,,,,,,,,,,,,,
3/26/2017,12:20,9,,,,,,,,,,,,,,,,,,
3/20/2017,12:20,6,,,,,,,,,,,,,,,,,,
3/17/2017,12:20,97,,,,,,,,,,,,,,,,,,
3/12/2017,12:20,36,,,,,,,,,,,,,,,,,,
2/19/2017,12:20,17,,,,,,,,,,,,,,,,,,
1/28/2017,12:20,16,,,,,,,,,,,,,,,,,,
12/14/2016,12:20,140,,,,,,,,,,,,,,,,,,
11/4/2016,12:20,108,,,,,,,,,,,,,,,,,,
6/28/2017,12:21,23,,,,,,,,,,,,,,,,,,
6/11/2017,12:21,3,,,,,,,,,,,,,,,,,,
4/11/2017,12:21,77,,,,,,,,,,,,,,,,,,
2/24/2017,12:21,121,,,,,,,,,,,,,,,,,,
1/29/2017,12:21,39,,,,,,,,,,,,,,,,,,
9/24/2017,12:22,35,,,,,,,,,,,,,,,,,,
5/13/2017,12:22,150,,,,,,,,,,,,,,,,,,
12/4/2016,12:22,35,,,,,,,,,,,,,,,,,,
4/25/2017,12:23,155,,,,,,,,,,,,,,,,,,
2/10/2017,12:23,115,,,,,,,,,,,,,,,,,,
1/24/2017,12:23,95,,,,,,,,,,,,,,,,,,
12/18/2016,12:23,71,,,,,,,,,,,,,,,,,,
11/30/2016,12:23,220,,,,,,,,,,,,,,,,,,
9/6/2017,12:24,143,,,,,,,,,,,,,,,,,,
8/22/2017,12:24,20,,,,,,,,,,,,,,,,,,
12/7/2016,12:24,192,,,,,,,,,,,,,,,,,,
11/6/2016,12:24,34,,,,,,,,,,,,,,,,,,
10/19/2016,12:24,168,,,,,,,,,,,,,,,,,,
10/5/2016,12:24,141,,,,,,,,,,,,,,,,,,
12/20/2016,12:25,145,,,,,,,,,,,,,,,,,,
9/27/2016,12:25,144,,,,,,,,,,,,,,,,,,
11/30/2017,12:26,162,,,,,,,,,,,,,,,,,,
9/14/2016,12:26,104,,,,,,,,,,,,,,,,,,
2/21/2017,12:28,119,,,,,,,,,,,,,,,,,,
10/21/2017,12:29,25,,,,,,,,,,,,,,,,,,
10/2/2017,12:30,141,,,,,,,,,,,,,,,,,,
2/6/2017,12:30,120,,,,,,,,,,,,,,,,,,
6/14/2017,12:31,20,,,,,,,,,,,,,,,,,,
6/8/2017,12:31,14,,,,,,,,,,,,,,,,,,
2/28/2017,12:31,114,,,,,,,,,,,,,,,,,,
9/23/2017,12:32,31,,,,,,,,,,,,,,,,,,
7/11/2017,12:33,12,,,,,,,,,,,,,,,,,,
2/17/2017,12:33,78,,,,,,,,,,,,,,,,,,
12/22/2016,12:33,28,,,,,,,,,,,,,,,,,,
11/11/2017,12:34,60,,,,,,,,,,,,,,,,,,
4/14/2017,12:34,95,,,,,,,,,,,,,,,,,,
2/26/2017,12:34,89,,,,,,,,,,,,,,,,,,
10/7/2016,12:34,110,,,,,,,,,,,,,,,,,,
10/4/2016,12:34,172,,,,,,,,,,,,,,,,,,
7/12/2017,12:35,23,,,,,,,,,,,,,,,,,,
7/2/2017,12:35,6,,,,,,,,,,,,,,,,,,
6/18/2017,12:35,1,,,,,,,,,,,,,,,,,,
10/23/2016,12:35,35,,,,,,,,,,,,,,,,,,
4/23/2017,12:36,35,,,,,,,,,,,,,,,,,,
3/13/2017,12:36,138,,,,,,,,,,,,,,,,,,
10/25/2016,12:36,147,,,,,,,,,,,,,,,,,,
7/14/2017,12:37,12,,,,,,,,,,,,,,,,,,
9/13/2017,12:38,140,,,,,,,,,,,,,,,,,,
7/24/2017,12:38,13,,,,,,,,,,,,,,,,,,
6/21/2017,12:38,25,,,,,,,,,,,,,,,,,,
11/1/2016,12:39,151,,,,,,,,,,,,,,,,,,
4/19/2017,12:40,190,,,,,,,,,,,,,,,,,,
11/7/2016,12:40,129,,,,,,,,,,,,,,,,,,
10/24/2016,12:40,135,,,,,,,,,,,,,,,,,,
7/13/2017,12:41,9,,,,,,,,,,,,,,,,,,
12/6/2016,12:41,151,,,,,,,,,,,,,,,,,,
9/11/2016,12:41,51,,,,,,,,,,,,,,,,,,
8/25/2017,12:42,10,,,,,,,,,,,,,,,,,,
12/15/2016,12:42,222,,,,,,,,,,,,,,,,,,
11/22/2016,12:42,92,,,,,,,,,,,,,,,,,,
8/10/2017,12:43,11,,,,,,,,,,,,,,,,,,
7/17/2017,12:43,18,,,,,,,,,,,,,,,,,,
8/30/2016,12:43,114,,,,,,,,,,,,,,,,,,
10/20/2016,12:44,176,,,,,,,,,,,,,,,,,,
3/23/2017,12:45,13,,,,,,,,,,,,,,,,,,
9/19/2016,12:45,166,,,,,,,,,,,,,,,,,,
10/20/2016,12:47,171,,,,,,,,,,,,,,,,,,
9/1/2017,12:48,97,,,,,,,,,,,,,,,,,,
2/11/2017,12:49,42,,,,,,,,,,,,,,,,,,
11/15/2016,12:53,"150
",,,,,,,,,,,,,,,,,,
9/27/2017,13:02,134,,,,,,,,,,,,,,,,,,
3/3/2017,13:02,98,,,,,,,,,,,,,,,,,,
8/29/2016,13:04,70,,,,,,,,,,,,,,,,,,
9/17/2016,13:22,52,,,,,,,,,,,,,,,,,,
11/4/2017,13:47,75,,,,,,,,,,,,,,,,,,
10/2/2017,13:48,154,,,,,,,,,,,,,,,,,,
11/20/2017,13:49,157,,,,,,,,,,,,,,,,,,
9/28/2017,13:49,151,,,,,,,,,,,,,,,,,,
11/22/2017,13:50,10,,,,,,,,,,,,,,,,,,
9/18/2017,13:50,122,,,,,,,,,,,,,,,,,,
5/4/2017,13:50,168,,,,,,,,,,,,,,,,,,
11/18/2017,13:51,57,,,,,,,,,,,,,,,,,,
10/5/2017,13:51,160,,,,,,,,,,,,,,,,,,
8/28/2017,13:51,102,,,,,,,,,,,,,,,,,,
3/11/2017,13:51,94,,,,,,,,,,,,,,,,,,
12/21/2016,13:51,156,,,,,,,,,,,,,,,,,,
12/17/2016,13:51,82,,,,,,,,,,,,,,,,,,
11/19/2016,13:51,98,,,,,,,,,,,,,,,,,,
11/6/2017,13:52,179,,,,,,,,,,,,,,,,,,
11/8/2017,13:53,188,,,,,,,,,,,,,,,,,,
11/2/2017,13:53,141,,,,,,,,,,,,,,,,,,
10/26/2017,13:53,138,,,,,,,,,,,,,,,,,,
10/16/2017,13:53,152,,,,,,,,,,,,,,,,,,
10/12/2017,13:53,162,,,,,,,,,,,,,,,,,,
2/2/2017,13:53,120,,,,,,,,,,,,,,,,,,
10/16/2016,13:53,119,,,,,,,,,,,,,,,,,,
8/9/2017,13:54,15,,,,,,,,,,,,,,,,,,
7/20/2017,13:54,16,,,,,,,,,,,,,,,,,,
5/19/2017,13:54,59,,,,,,,,,,,,,,,,,,
4/25/2017,13:54,164,,,,,,,,,,,,,,,,,,
11/30/2017,13:55,155,,,,,,,,,,,,,,,,,,
11/27/2017,13:55,153,,,,,,,,,,,,,,,,,,
10/30/2017,13:55,168,,,,,,,,,,,,,,,,,,
10/17/2017,13:55,171,,,,,,,,,,,,,,,,,,
9/9/2017,13:55,72,,,,,,,,,,,,,,,,,,
7/13/2017,13:55,18,,,,,,,,,,,,,,,,,,
10/15/2016,13:55,92,,,,,,,,,,,,,,,,,,
9/8/2016,13:55,133,,,,,,,,,,,,,,,,,,
9/25/2017,13:56,147,,,,,,,,,,,,,,,,,,
9/22/2017,13:56,102,,,,,,,,,,,,,,,,,,
6/29/2017,13:56,15,,,,,,,,,,,,,,,,,,
6/28/2017,13:56,29,,,,,,,,,,,,,,,,,,
12/3/2016,13:56,121,,,,,,,,,,,,,,,,,,
12/2/2016,13:56,139,,,,,,,,,,,,,,,,,,
9/11/2017,13:57,133,,,,,,,,,,,,,,,,,,
6/14/2017,13:57,24,,,,,,,,,,,,,,,,,,
4/29/2017,13:57,55,,,,,,,,,,,,,,,,,,
2/21/2017,13:57,134,,,,,,,,,,,,,,,,,,
10/28/2016,13:57,81,,,,,,,,,,,,,,,,,,
11/21/2017,13:58,72,,,,,,,,,,,,,,,,,,
11/16/2017,13:58,179,,,,,,,,,,,,,,,,,,
10/6/2017,13:58,74,,,,,,,,,,,,,,,,,,
7/11/2017,13:58,19,,,,,,,,,,,,,,,,,,
2/9/2017,13:58,36,,,,,,,,,,,,,,,,,,
11/5/2016,13:58,63,,,,,,,,,,,,,,,,,,
10/24/2017,13:59,164,,,,,,,,,,,,,,,,,,
10/10/2017,13:59,63,,,,,,,,,,,,,,,,,,
10/4/2017,13:59,176,,,,,,,,,,,,,,,,,,
11/23/2016,13:59,30,,,,,,,,,,,,,,,,,,
10/30/2016,13:59,85,,,,,,,,,,,,,,,,,,
10/22/2016,13:59,56,,,,,,,,,,,,,,,,,,
11/10/2017,14:00,107,,,,,,,,,,,,,,,,,,
10/23/2017,14:00,149,,,,,,,,,,,,,,,,,,
10/20/2017,14:00,97,,,,,,,,,,,,,,,,,,
10/13/2017,14:00,94,,,,,,,,,,,,,,,,,,
10/3/2017,14:00,162,,,,,,,,,,,,,,,,,,
5/6/2017,14:00,107,,,,,,,,,,,,,,,,,,
4/17/2017,14:00,114,,,,,,,,,,,,,,,,,,
2/16/2017,14:00,110,,,,,,,,,,,,,,,,,,
1/23/2017,14:00,78,,,,,,,,,,,,,,,,,,
12/21/2016,14:00,173,,,,,,,,,,,,,,,,,,
12/11/2016,14:00,144,,,,,,,,,,,,,,,,,,
12/10/2016,14:00,99,,,,,,,,,,,,,,,,,,
11/8/2016,14:00,117,,,,,,,,,,,,,,,,,,
9/18/2016,14:00,81,,,,,,,,,,,,,,,,,,
9/14/2016,14:00,155,,,,,,,,,,,,,,,,,,
11/28/2017,14:01,105,,,,,,,,,,,,,,,,,,
10/1/2017,14:01,26,,,,,,,,,,,,,,,,,,
8/30/2017,14:01,102,,,,,,,,,,,,,,,,,,
6/25/2017,14:01,21,,,,,,,,,,,,,,,,,,
5/11/2017,14:01,200,,,,,,,,,,,,,,,,,,
5/10/2017,14:01,168,,,,,,,,,,,,,,,,,,
4/26/2017,14:01,210,,,,,,,,,,,,,,,,,,
4/22/2017,14:01,74,,,,,,,,,,,,,,,,,,
2/1/2017,14:01,130,,,,,,,,,,,,,,,,,,
12/22/2016,14:01,20,,,,,,,,,,,,,,,,,,
11/16/2016,14:01,140,,,,,,,,,,,,,,,,,,
10/29/2016,14:01,53,,,,,,,,,,,,,,,,,,
10/2/2016,14:01,116,,,,,,,,,,,,,,,,,,
5/1/2017,14:02,137,,,,,,,,,,,,,,,,,,
2/8/2017,14:02,146,,,,,,,,,,,,,,,,,,
1/28/2017,14:02,56,,,,,,,,,,,,,,,,,,
11/28/2016,14:02,113,,,,,,,,,,,,,,,,,,
11/12/2016,14:02,77,,,,,,,,,,,,,,,,,,
9/25/2016,14:02,85,,,,,,,,,,,,,,,,,,
9/12/2016,14:02,142,,,,,,,,,,,,,,,,,,
11/17/2017,14:03,82,,,,,,,,,,,,,,,,,,
11/14/2017,14:03,135,,,,,,,,,,,,,,,,,,
10/19/2017,14:03,120,,,,,,,,,,,,,,,,,,
9/10/2017,14:03,117,,,,,,,,,,,,,,,,,,
6/27/2017,14:03,23,,,,,,,,,,,,,,,,,,
6/8/2017,14:03,18,,,,,,,,,,,,,,,,,,
4/18/2017,14:03,126,,,,,,,,,,,,,,,,,,
4/7/2017,14:03,71,,,,,,,,,,,,,,,,,,
3/31/2017,14:03,80,,,,,,,,,,,,,,,,,,
3/16/2017,14:03,131,,,,,,,,,,,,,,,,,,
3/3/2017,14:03,72,,,,,,,,,,,,,,,,,,
2/15/2017,14:03,133,,,,,,,,,,,,,,,,,,
2/6/2017,14:03,147,,,,,,,,,,,,,,,,,,
1/22/2017,14:03,26,,,,,,,,,,,,,,,,,,
12/15/2016,14:03,235,,,,,,,,,,,,,,,,,,
9/15/2016,14:03,105,,,,,,,,,,,,,,,,,,
9/26/2017,14:04,121,,,,,,,,,,,,,,,,,,
8/27/2017,14:04,45,,,,,,,,,,,,,,,,,,
7/7/2017,14:04,5,,,,,,,,,,,,,,,,,,
7/6/2017,14:04,10,,,,,,,,,,,,,,,,,,
5/14/2017,14:04,170,,,,,,,,,,,,,,,,,,
4/8/2017,14:04,52,,,,,,,,,,,,,,,,,,
3/4/2017,14:04,70,,,,,,,,,,,,,,,,,,
2/20/2017,14:04,85,,,,,,,,,,,,,,,,,,
2/17/2017,14:04,52,,,,,,,,,,,,,,,,,,
2/7/2017,14:04,104,,,,,,,,,,,,,,,,,,
1/30/2017,14:04,120,,,,,,,,,,,,,,,,,,
12/18/2016,14:04,185,,,,,,,,,,,,,,,,,,
12/7/2016,14:04,208,,,,,,,,,,,,,,,,,,
9/13/2016,14:04,108,,,,,,,,,,,,,,,,,,
9/10/2016,14:04,85,,,,,,,,,,,,,,,,,,
11/19/2017,14:05,97,,,,,,,,,,,,,,,,,,
11/12/2017,14:05,100,,,,,,,,,,,,,,,,,,
9/29/2017,14:05,80,,,,,,,,,,,,,,,,,,
8/31/2017,14:05,136,,,,,,,,,,,,,,,,,,
7/14/2017,14:05,13,,,,,,,,,,,,,,,,,,
4/14/2017,14:05,57,,,,,,,,,,,,,,,,,,
3/22/2017,14:05,21,,,,,,,,,,,,,,,,,,
3/15/2017,14:05,108,,,,,,,,,,,,,,,,,,
3/8/2017,14:05,156,,,,,,,,,,,,,,,,,,
3/1/2017,14:05,103,,,,,,,,,,,,,,,,,,
2/27/2017,14:05,119,,,,,,,,,,,,,,,,,,
2/26/2017,14:05,149,,,,,,,,,,,,,,,,,,
2/4/2017,14:05,45,,,,,,,,,,,,,,,,,,
1/29/2017,14:05,120,,,,,,,,,,,,,,,,,,
1/26/2017,14:05,120,,,,,,,,,,,,,,,,,,
11/30/2016,14:05,"190
",,,,,,,,,,,,,,,,,,
11/17/2016,14:05,113,,,,,,,,,,,,,,,,,,
9/29/2016,14:05,109,,,,,,,,,,,,,,,,,,
10/25/2017,14:06,143,,,,,,,,,,,,,,,,,,
7/2/2017,14:06,8,,,,,,,,,,,,,,,,,,
6/23/2017,14:06,23,,,,,,,,,,,,,,,,,,
5/16/2017,14:06,219,,,,,,,,,,,,,,,,,,
4/30/2017,14:06,140,,,,,,,,,,,,,,,,,,
4/23/2017,14:06,95,,,,,,,,,,,,,,,,,,
4/21/2017,14:06,70,,,,,,,,,,,,,,,,,,
4/9/2017,14:06,105,,,,,,,,,,,,,,,,,,
3/27/2017,14:06,132,,,,,,,,,,,,,,,,,,
3/10/2017,14:06,71,,,,,,,,,,,,,,,,,,
3/7/2017,14:06,182,,,,,,,,,,,,,,,,,,
3/6/2017,14:06,151,,,,,,,,,,,,,,,,,,
2/25/2017,14:06,81,,,,,,,,,,,,,,,,,,
2/19/2017,14:06,43,,,,,,,,,,,,,,,,,,
12/12/2016,14:06,147,,,,,,,,,,,,,,,,,,
11/20/2016,14:06,89,,,,,,,,,,,,,,,,,,
9/28/2016,14:06,152,,,,,,,,,,,,,,,,,,
8/30/2016,14:06,74,,,,,,,,,,,,,,,,,,
9/30/2017,14:07,84,,,,,,,,,,,,,,,,,,
9/24/2017,14:07,76,,,,,,,,,,,,,,,,,,
9/12/2017,14:07,125,,,,,,,,,,,,,,,,,,
5/12/2017,14:07,101,,,,,,,,,,,,,,,,,,
5/9/2017,14:07,130,,,,,,,,,,,,,,,,,,
4/27/2017,14:07,156,,,,,,,,,,,,,,,,,,
4/15/2017,14:07,50,,,,,,,,,,,,,,,,,,
4/1/2017,14:07,75,,,,,,,,,,,,,,,,,,
3/17/2017,14:07,34,,,,,,,,,,,,,,,,,,
3/5/2017,14:07,145,,,,,,,,,,,,,,,,,,
9/30/2017,14:08,84,,,,,,,,,,,,,,,,,,
8/16/2017,14:08,13,,,,,,,,,,,,,,,,,,
4/16/2017,14:08,71,,,,,,,,,,,,,,,,,,
4/13/2017,14:08,134,,,,,,,,,,,,,,,,,,
4/5/2017,14:08,195,,,,,,,,,,,,,,,,,,
3/2/2017,14:08,166,,,,,,,,,,,,,,,,,,
2/10/2017,14:08,60,,,,,,,,,,,,,,,,,,
10/24/2016,14:08,115,,,,,,,,,,,,,,,,,,
10/14/2016,14:08,92,,,,,,,,,,,,,,,,,,
10/11/2016,14:08,69,,,,,,,,,,,,,,,,,,
11/3/2017,14:09,96,,,,,,,,,,,,,,,,,,
9/1/2017,14:09,76,,,,,,,,,,,,,,,,,,
5/7/2017,14:09,166,,,,,,,,,,,,,,,,,,
5/3/2017,14:09,204,,,,,,,,,,,,,,,,,,
4/24/2017,14:09,120,,,,,,,,,,,,,,,,,,
4/3/2017,14:09,142,,,,,,,,,,,,,,,,,,
3/26/2017,14:09,39,,,,,,,,,,,,,,,,,,
3/13/2017,14:09,130,,,,,,,,,,,,,,,,,,
2/18/2017,14:09,33,,,,,,,,,,,,,,,,,,
2/3/2017,14:09,52,,,,,,,,,,,,,,,,,,
1/25/2017,14:09,163,,,,,,,,,,,,,,,,,,
11/15/2016,14:09,144,,,,,,,,,,,,,,,,,,
11/14/2016,14:09,107,,,,,,,,,,,,,,,,,,
11/13/2016,14:09,103,,,,,,,,,,,,,,,,,,
10/17/2016,14:09,120,,,,,,,,,,,,,,,,,,
10/4/2016,14:09,152,,,,,,,,,,,,,,,,,,
9/17/2016,14:09,79,,,,,,,,,,,,,,,,,,
8/29/2016,14:09,75,,,,,,,,,,,,,,,,,,
8/15/2016,14:09,9,,,,,,,,,,,,,,,,,,
11/9/2017,14:10,152,,,,,,,,,,,,,,,,,,
11/5/2017,14:10,111,,,,,,,,,,,,,,,,,,
10/29/2017,14:10,72,,,,,,,,,,,,,,,,,,
10/28/2017,14:10,42,,,,,,,,,,,,,,,,,,
10/27/2017,14:10,45,,,,,,,,,,,,,,,,,,
10/18/2017,14:10,152,,,,,,,,,,,,,,,,,,
10/15/2017,14:10,148,,,,,,,,,,,,,,,,,,
10/11/2017,14:10,139,,,,,,,,,,,,,,,,,,
9/27/2017,14:10,157,,,,,,,,,,,,,,,,,,
8/24/2017,14:10,15,,,,,,,,,,,,,,,,,,
5/2/2017,14:10,153,,,,,,,,,,,,,,,,,,
4/20/2017,14:10,114,,,,,,,,,,,,,,,,,,
2/22/2017,14:10,143,,,,,,,,,,,,,,,,,,
12/20/2016,14:10,94,,,,,,,,,,,,,,,,,,
10/21/2016,14:10,94,,,,,,,,,,,,,,,,,,
10/6/2016,14:10,105,,,,,,,,,,,,,,,,,,
10/1/2016,14:10,89,,,,,,,,,,,,,,,,,,
11/11/2017,14:11,73,,,,,,,,,,,,,,,,,,
11/11/2017,14:11,6,,,,,,,,,,,,,,,,,,
9/20/2017,14:11,145,,,,,,,,,,,,,,,,,,
9/6/2017,14:11,124,,,,,,,,,,,,,,,,,,
6/9/2017,14:11,10,,,,,,,,,,,,,,,,,,
4/6/2017,14:11,156,,,,,,,,,,,,,,,,,,
4/4/2017,14:11,109,,,,,,,,,,,,,,,,,,
2/5/2017,14:11,112,,,,,,,,,,,,,,,,,,
11/27/2016,14:11,30,,,,,,,,,,,,,,,,,,
10/7/2016,14:11,66,,,,,,,,,,,,,,,,,,
11/13/2017,14:12,188,,,,,,,,,,,,,,,,,,
11/1/2017,14:12,148,,,,,,,,,,,,,,,,,,
10/30/2017,14:12,187,,,,,,,,,,,,,,,,,,
9/6/2017,14:12,23,,,,,,,,,,,,,,,,,,
2/13/2017,14:12,110,,,,,,,,,,,,,,,,,,
2/11/2017,14:12,59,,,,,,,,,,,,,,,,,,
12/4/2016,14:12,157,,,,,,,,,,,,,,,,,,
11/7/2016,14:12,109,,,,,,,,,,,,,,,,,,
11/4/2016,14:12,87,,,,,,,,,,,,,,,,,,
10/13/2016,14:12,146,,,,,,,,,,,,,,,,,,
9/7/2016,14:12,118,,,,,,,,,,,,,,,,,,
9/19/2017,14:13,112,,,,,,,,,,,,,,,,,,
8/18/2017,14:13,14,,,,,,,,,,,,,,,,,,
5/8/2017,14:13,146,,,,,,,,,,,,,,,,,,
11/6/2016,14:13,89,,,,,,,,,,,,,,,,,,
11/3/2016,14:13,114,,,,,,,,,,,,,,,,,,
10/26/2016,14:13,158,,,,,,,,,,,,,,,,,,
9/16/2016,14:13,74,,,,,,,,,,,,,,,,,,
9/23/2017,14:14,86,,,,,,,,,,,,,,,,,,
9/17/2017,14:14,145,,,,,,,,,,,,,,,,,,
4/11/2017,14:14,125,,,,,,,,,,,,,,,,,,
9/6/2016,14:14,101,,,,,,,,,,,,,,,,,,
11/18/2017,14:15,57,,,,,,,,,,,,,,,,,,
6/21/2017,14:15,15,,,,,,,,,,,,,,,,,,
6/21/2017,14:15,0,,,,,,,,,,,,,,,,,,
6/15/2017,14:15,22,,,,,,,,,,,,,,,,,,
3/12/2017,14:15,89,,,,,,,,,,,,,,,,,,
12/8/2016,14:15,128,,,,,,,,,,,,,,,,,,
5/5/2017,14:16,70,,,,,,,,,,,,,,,,,,
12/1/2016,14:16,161,,,,,,,,,,,,,,,,,,
11/11/2016,14:16,84,,,,,,,,,,,,,,,,,,
10/31/2016,14:16,115,,,,,,,,,,,,,,,,,,
10/27/2016,14:16,124,,,,,,,,,,,,,,,,,,
10/20/2016,14:16,123,,,,,,,,,,,,,,,,,,
9/26/2016,14:16,134,,,,,,,,,,,,,,,,,,
11/26/2017,14:17,57,,,,,,,,,,,,,,,,,,
11/7/2017,14:17,86,,,,,,,,,,,,,,,,,,
11/7/2017,14:17,115,,,,,,,,,,,,,,,,,,
8/21/2017,14:17,24,,,,,,,,,,,,,,,,,,
6/12/2017,14:17,32,,,,,,,,,,,,,,,,,,
2/24/2017,14:17,42,,,,,,,,,,,,,,,,,,
9/1/2016,14:17,130,,,,,,,,,,,,,,,,,,
8/22/2016,14:17,20,,,,,,,,,,,,,,,,,,
10/22/2017,14:18,110,,,,,,,,,,,,,,,,,,
10/14/2017,14:19,91,,,,,,,,,,,,,,,,,,
4/2/2017,14:19,95,,,,,,,,,,,,,,,,,,
11/10/2016,14:19,153,,,,,,,,,,,,,,,,,,
11/2/2016,14:19,164,,,,,,,,,,,,,,,,,,
11/21/2016,14:20,124,,,,,,,,,,,,,,,,,,
11/9/2016,14:20,136,,,,,,,,,,,,,,,,,,
8/25/2016,14:20,22,,,,,,,,,,,,,,,,,,
10/23/2016,14:21,89,,,,,,,,,,,,,,,,,,
9/21/2017,14:22,155,,,,,,,,,,,,,,,,,,
2/14/2017,14:22,117,,,,,,,,,,,,,,,,,,
10/12/2016,14:22,142,,,,,,,,,,,,,,,,,,
9/9/2016,14:22,85,,,,,,,,,,,,,,,,,,
11/15/2017,14:23,177,,,,,,,,,,,,,,,,,,
12/6/2016,14:23,156,,,,,,,,,,,,,,,,,,
10/18/2016,14:23,149,,,,,,,,,,,,,,,,,,
9/14/2017,14:24,144,,,,,,,,,,,,,,,,,,
9/8/2017,14:24,75,,,,,,,,,,,,,,,,,,
8/10/2017,14:24,11,,,,,,,,,,,,,,,,,,
6/13/2017,14:24,23,,,,,,,,,,,,,,,,,,
3/28/2017,14:24,144,,,,,,,,,,,,,,,,,,
6/30/2017,14:25,15,,,,,,,,,,,,,,,,,,
11/29/2016,14:25,116,,,,,,,,,,,,,,,,,,
9/22/2016,14:25,132,,,,,,,,,,,,,,,,,,
7/5/2017,14:26,19,,,,,,,,,,,,,,,,,,
6/7/2017,14:26,17,,,,,,,,,,,,,,,,,,
11/1/2016,14:26,139,,,,,,,,,,,,,,,,,,
9/7/2017,14:27,157,,,,,,,,,,,,,,,,,,
8/31/2016,14:27,114,,,,,,,,,,,,,,,,,,
10/5/2016,14:29,177,,,,,,,,,,,,,,,,,,
8/22/2017,14:30,28,,,,,,,,,,,,,,,,,,
2/28/2017,14:30,137,,,,,,,,,,,,,,,,,,
1/31/2017,14:32,124,,,,,,,,,,,,,,,,,,
1/24/2017,14:33,102,,,,,,,,,,,,,,,,,,
9/23/2016,14:34,74,,,,,,,,,,,,,,,,,,
5/13/2017,14:35,200,,,,,,,,,,,,,,,,,,
12/16/2016,14:35,202,,,,,,,,,,,,,,,,,,
12/9/2016,14:35,101,,,,,,,,,,,,,,,,,,
8/29/2017,14:36,103,,,,,,,,,,,,,,,,,,
3/20/2017,14:36,21,,,,,,,,,,,,,,,,,,
12/19/2016,14:36,202,,,,,,,,,,,,,,,,,,
11/29/2017,14:37,225,,,,,,,,,,,,,,,,,,
3/18/2017,14:39,14,,,,,,,,,,,,,,,,,,
9/2/2016,14:41,72,,,,,,,,,,,,,,,,,,
7/3/2017,14:42,7,,,,,,,,,,,,,,,,,,
12/14/2016,14:43,207,,,,,,,,,,,,,,,,,,
1/27/2017,14:44,73,,,,,,,,,,,,,,,,,,
3/9/2017,14:47,130,,,,,,,,,,,,,,,,,,
7/21/2017,14:49,16,,,,,,,,,,,,,,,,,,
9/27/2016,14:51,166,,,,,,,,,,,,,,,,,,
8/14/2017,14:54,12,,,,,,,,,,,,,,,,,,
4/10/2017,14:54,90,,,,,,,,,,,,,,,,,,
9/30/2016,14:57,87,,,,,,,,,,,,,,,,,,
6/22/2017,14:59,15,,,,,,,,,,,,,,,,,,
7/19/2017,15:02,19,,,,,,,,,,,,,,,,,,
7/12/2017,15:02,19,,,,,,,,,,,,,,,,,,
7/23/2017,15:05,16,,,,,,,,,,,,,,,,,,
12/13/2016,15:05,171,,,,,,,,,,,,,,,,,,
10/3/2016,15:06,132,,,,,,,,,,,,,,,,,,
7/27/2017,15:07,30,,,,,,,,,,,,,,,,,,
8/4/2017,15:09,22,,,,,,,,,,,,,,,,,,
8/3/2017,15:09,20,,,,,,,,,,,,,,,,,,
7/18/2017,15:11,28,,,,,,,,,,,,,,,,,,
8/23/2017,15:12,34,,,,,,,,,,,,,,,,,,
6/20/2017,15:12,37,,,,,,,,,,,,,,,,,,
8/7/2017,15:14,22,,,,,,,,,,,,,,,,,,
7/30/2017,15:15,17,,,,,,,,,,,,,,,,,,
10/31/2017,15:17,84,,,,,,,,,,,,,,,,,,
8/11/2017,15:17,13,,,,,,,,,,,,,,,,,,
7/25/2017,15:17,15,,,,,,,,,,,,,,,,,,
8/27/2017,15:45,16,,,,,,,,,,,,,,,,,,
2/10/2017,15:45,71,,,,,,,,,,,,,,,,,,
7/28/2017,15:46,18,,,,,,,,,,,,,,,,,,
6/9/2017,15:49,12,,,,,,,,,,,,,,,,,,
12/20/2016,15:50,142,,,,,,,,,,,,,,,,,,
9/15/2017,15:52,80,,,,,,,,,,,,,,,,,,
7/7/2017,15:52,8,,,,,,,,,,,,,,,,,,
8/11/2017,15:53,10,,,,,,,,,,,,,,,,,,
5/6/2017,15:53,120,,,,,,,,,,,,,,,,,,
2/24/2017,15:53,80,,,,,,,,,,,,,,,,,,
10/14/2017,15:54,112,,,,,,,,,,,,,,,,,,
6/16/2017,15:54,8,,,,,,,,,,,,,,,,,,
10/11/2017,15:55,151,,,,,,,,,,,,,,,,,,
7/9/2017,15:55,18,,,,,,,,,,,,,,,,,,
5/3/2017,15:55,193,,,,,,,,,,,,,,,,,,
2/17/2017,15:55,73,,,,,,,,,,,,,,,,,,
6/30/2017,15:56,15,,,,,,,,,,,,,,,,,,
11/29/2017,15:57,162,,,,,,,,,,,,,,,,,,
7/16/2017,15:57,15,,,,,,,,,,,,,,,,,,
6/14/2017,15:57,26,,,,,,,,,,,,,,,,,,
4/24/2017,15:57,165,,,,,,,,,,,,,,,,,,
3/4/2017,15:57,105,,,,,,,,,,,,,,,,,,
5/5/2017,15:58,85,,,,,,,,,,,,,,,,,,
10/27/2016,15:58,146,,,,,,,,,,,,,,,,,,
10/25/2016,15:58,143,,,,,,,,,,,,,,,,,,
11/19/2017,15:59,154,,,,,,,,,,,,,,,,,,
11/12/2017,15:59,147,,,,,,,,,,,,,,,,,,
8/9/2017,15:59,26,,,,,,,,,,,,,,,,,,
7/13/2017,15:59,16,,,,,,,,,,,,,,,,,,
7/2/2017,15:59,6,,,,,,,,,,,,,,,,,,
5/7/2017,15:59,160,,,,,,,,,,,,,,,,,,
4/1/2017,15:59,98,,,,,,,,,,,,,,,,,,
2/15/2017,15:59,149,,,,,,,,,,,,,,,,,,
2/1/2017,15:59,133,,,,,,,,,,,,,,,,,,
1/27/2017,15:59,56,,,,,,,,,,,,,,,,,,
11/14/2016,15:59,168,,,,,,,,,,,,,,,,,,
11/22/2017,16:00,10,,,,,,,,,,,,,,,,,,
11/5/2017,16:00,125,,,,,,,,,,,,,,,,,,
9/7/2017,16:00,163,,,,,,,,,,,,,,,,,,
9/6/2017,16:00,125,,,,,,,,,,,,,,,,,,
6/21/2017,16:00,23,,,,,,,,,,,,,,,,,,
6/19/2017,16:00,17,,,,,,,,,,,,,,,,,,
4/17/2017,16:00,157,,,,,,,,,,,,,,,,,,
4/12/2017,16:00,170,,,,,,,,,,,,,,,,,,
3/11/2017,16:00,80,,,,,,,,,,,,,,,,,,
2/18/2017,16:00,39,,,,,,,,,,,,,,,,,,
2/2/2017,16:00,126,,,,,,,,,,,,,,,,,,
12/2/2016,16:00,112,,,,,,,,,,,,,,,,,,
9/21/2016,16:00,160,,,,,,,,,,,,,,,,,,
9/12/2016,16:00,132,,,,,,,,,,,,,,,,,,
11/28/2017,16:01,188,,,,,,,,,,,,,,,,,,
10/29/2017,16:01,67,,,,,,,,,,,,,,,,,,
10/15/2017,16:01,164,,,,,,,,,,,,,,,,,,
8/10/2017,16:01,17,,,,,,,,,,,,,,,,,,
8/4/2017,16:01,20,,,,,,,,,,,,,,,,,,
6/25/2017,16:01,39,,,,,,,,,,,,,,,,,,
5/8/2017,16:01,189,,,,,,,,,,,,,,,,,,
5/1/2017,16:01,195,,,,,,,,,,,,,,,,,,
3/2/2017,16:01,110,,,,,,,,,,,,,,,,,,
2/22/2017,16:01,208,,,,,,,,,,,,,,,,,,
12/10/2016,16:01,121,,,,,,,,,,,,,,,,,,
12/3/2016,16:01,65,,,,,,,,,,,,,,,,,,
11/29/2016,16:01,173,,,,,,,,,,,,,,,,,,
11/26/2017,16:02,54,,,,,,,,,,,,,,,,,,
11/6/2017,16:02,184,,,,,,,,,,,,,,,,,,
10/19/2017,16:02,91,,,,,,,,,,,,,,,,,,
7/21/2017,16:02,13,,,,,,,,,,,,,,,,,,
7/3/2017,16:02,11,,,,,,,,,,,,,,,,,,
6/29/2017,16:02,20,,,,,,,,,,,,,,,,,,
4/27/2017,16:02,150,,,,,,,,,,,,,,,,,,
4/14/2017,16:02,75,,,,,,,,,,,,,,,,,,
4/2/2017,16:02,145,,,,,,,,,,,,,,,,,,
3/3/2017,16:02,109,,,,,,,,,,,,,,,,,,
2/26/2017,16:02,189,,,,,,,,,,,,,,,,,,
2/13/2017,16:02,131,,,,,,,,,,,,,,,,,,
2/3/2017,16:02,85,,,,,,,,,,,,,,,,,,
11/6/2016,16:02,"110
",,,,,,,,,,,,,,,,,,
11/1/2016,16:02,101,,,,,,,,,,,,,,,,,,
11/1/2016,16:02,101,,,,,,,,,,,,,,,,,,
10/22/2016,16:02,78,,,,,,,,,,,,,,,,,,
10/12/2017,16:03,184,,,,,,,,,,,,,,,,,,
9/5/2017,16:03,85,,,,,,,,,,,,,,,,,,
8/8/2017,16:03,24,,,,,,,,,,,,,,,,,,
8/6/2017,16:03,13,,,,,,,,,,,,,,,,,,
11/20/2016,16:03,128,,,,,,,,,,,,,,,,,,
11/7/2016,16:03,168,,,,,,,,,,,,,,,,,,
10/7/2016,16:03,37,,,,,,,,,,,,,,,,,,
9/27/2016,16:03,134,,,,,,,,,,,,,,,,,,
10/6/2017,16:04,33,,,,,,,,,,,,,,,,,,
10/4/2017,16:04,229,,,,,,,,,,,,,,,,,,
9/13/2017,16:04,177,,,,,,,,,,,,,,,,,,
8/28/2017,16:04,54,,,,,,,,,,,,,,,,,,
8/22/2017,16:04,21,,,,,,,,,,,,,,,,,,
7/30/2017,16:04,19,,,,,,,,,,,,,,,,,,
7/6/2017,16:04,16,,,,,,,,,,,,,,,,,,
5/17/2017,16:04,217,,,,,,,,,,,,,,,,,,
1/30/2017,16:04,140,,,,,,,,,,,,,,,,,,
11/23/2016,16:04,10,,,,,,,,,,,,,,,,,,
11/15/2016,16:04,135,,,,,,,,,,,,,,,,,,
10/16/2016,16:04,110,,,,,,,,,,,,,,,,,,
9/25/2016,16:04,117,,,,,,,,,,,,,,,,,,
11/7/2017,16:05,163,,,,,,,,,,,,,,,,,,
10/26/2017,16:05,158,,,,,,,,,,,,,,,,,,
9/11/2017,16:05,182,,,,,,,,,,,,,,,,,,
7/12/2017,16:05,27,,,,,,,,,,,,,,,,,,
5/14/2017,16:05,135,,,,,,,,,,,,,,,,,,
4/26/2017,16:05,212,,,,,,,,,,,,,,,,,,
3/17/2017,16:05,51,,,,,,,,,,,,,,,,,,
2/19/2017,16:05,49,,,,,,,,,,,,,,,,,,
1/24/2017,16:05,101,,,,,,,,,,,,,,,,,,
12/12/2016,16:05,205,,,,,,,,,,,,,,,,,,
12/7/2016,16:05,175,,,,,,,,,,,,,,,,,,
11/19/2016,16:05,22,,,,,,,,,,,,,,,,,,
11/17/2016,16:05,149,,,,,,,,,,,,,,,,,,
9/29/2016,16:05,139,,,,,,,,,,,,,,,,,,
11/14/2017,16:06,170,,,,,,,,,,,,,,,,,,
9/21/2017,16:06,181,,,,,,,,,,,,,,,,,,
4/19/2017,16:06,182,,,,,,,,,,,,,,,,,,
3/31/2017,16:06,110,,,,,,,,,,,,,,,,,,
2/11/2017,16:06,60,,,,,,,,,,,,,,,,,,
12/8/2016,16:06,150,,,,,,,,,,,,,,,,,,
12/5/2016,16:06,228,,,,,,,,,,,,,,,,,,
11/21/2016,16:06,143,,,,,,,,,,,,,,,,,,
11/4/2016,16:06,67,,,,,,,,,,,,,,,,,,
10/15/2016,16:06,85,,,,,,,,,,,,,,,,,,
10/12/2016,16:06,98,,,,,,,,,,,,,,,,,,
10/12/2016,16:06,180,,,,,,,,,,,,,,,,,,
10/5/2016,16:06,223,,,,,,,,,,,,,,,,,,
9/26/2016,16:06,143,,,,,,,,,,,,,,,,,,
9/23/2016,16:06,45,,,,,,,,,,,,,,,,,,
9/18/2016,16:06,128,,,,,,,,,,,,,,,,,,
8/16/2016,16:06,12,,,,,,,,,,,,,,,,,,
9/27/2017,16:07,185,,,,,,,,,,,,,,,,,,
9/18/2017,16:07,175,,,,,,,,,,,,,,,,,,
9/17/2017,16:07,215,,,,,,,,,,,,,,,,,,
9/1/2017,16:07,2,,,,,,,,,,,,,,,,,,
9/1/2017,16:07,68,,,,,,,,,,,,,,,,,,
8/23/2017,16:07,28,,,,,,,,,,,,,,,,,,
8/15/2017,16:07,16,,,,,,,,,,,,,,,,,,
4/23/2017,16:07,167,,,,,,,,,,,,,,,,,,
4/11/2017,16:07,106,,,,,,,,,,,,,,,,,,
4/7/2017,16:07,81,,,,,,,,,,,,,,,,,,
4/4/2017,16:07,145,,,,,,,,,,,,,,,,,,
3/8/2017,16:07,127,,,,,,,,,,,,,,,,,,
2/25/2017,16:07,206,,,,,,,,,,,,,,,,,,
2/20/2017,16:07,138,,,,,,,,,,,,,,,,,,
1/23/2017,16:07,77,,,,,,,,,,,,,,,,,,
12/18/2016,16:07,265,,,,,,,,,,,,,,,,,,
12/14/2016,16:07,270,,,,,,,,,,,,,,,,,,
12/1/2016,16:07,170,,,,,,,,,,,,,,,,,,
11/27/2016,16:07,56,,,,,,,,,,,,,,,,,,
9/19/2016,16:07,146,,,,,,,,,,,,,,,,,,
9/17/2016,16:07,91,,,,,,,,,,,,,,,,,,
9/7/2016,16:07,139,,,,,,,,,,,,,,,,,,
11/16/2017,16:08,178,,,,,,,,,,,,,,,,,,
10/18/2017,16:08,179,,,,,,,,,,,,,,,,,,
10/16/2017,16:08,205,,,,,,,,,,,,,,,,,,
10/2/2017,16:08,145,,,,,,,,,,,,,,,,,,
8/31/2017,16:08,127,,,,,,,,,,,,,,,,,,
7/31/2017,16:08,20,,,,,,,,,,,,,,,,,,
5/9/2017,16:08,112,,,,,,,,,,,,,,,,,,
5/4/2017,16:08,175,,,,,,,,,,,,,,,,,,
4/16/2017,16:08,90,,,,,,,,,,,,,,,,,,
4/9/2017,16:08,126,,,,,,,,,,,,,,,,,,
3/26/2017,16:08,74,,,,,,,,,,,,,,,,,,
3/21/2017,16:08,15,,,,,,,,,,,,,,,,,,
3/18/2017,16:08,8,,,,,,,,,,,,,,,,,,
2/6/2017,16:08,123,,,,,,,,,,,,,,,,,,
1/25/2017,16:08,102,,,,,,,,,,,,,,,,,,
12/17/2016,16:08,131,,,,,,,,,,,,,,,,,,
12/6/2016,16:08,158,,,,,,,,,,,,,,,,,,
12/4/2016,16:08,177,,,,,,,,,,,,,,,,,,
11/16/2016,16:08,211,,,,,,,,,,,,,,,,,,
11/12/2016,16:08,76,,,,,,,,,,,,,,,,,,
11/3/2016,16:08,128,,,,,,,,,,,,,,,,,,
10/29/2016,16:08,56,,,,,,,,,,,,,,,,,,
10/6/2016,16:08,133,,,,,,,,,,,,,,,,,,
10/4/2016,16:08,124,,,,,,,,,,,,,,,,,,
10/1/2016,16:08,103,,,,,,,,,,,,,,,,,,
11/20/2017,16:09,142,,,,,,,,,,,,,,,,,,
11/11/2017,16:09,82,,,,,,,,,,,,,,,,,,
9/25/2017,16:09,195,,,,,,,,,,,,,,,,,,
9/24/2017,16:09,187,,,,,,,,,,,,,,,,,,
7/20/2017,16:09,15,,,,,,,,,,,,,,,,,,
5/15/2017,16:09,235,,,,,,,,,,,,,,,,,,
4/25/2017,16:09,182,,,,,,,,,,,,,,,,,,
3/12/2017,16:09,140,,,,,,,,,,,,,,,,,,
12/22/2016,16:09,38,,,,,,,,,,,,,,,,,,
12/16/2016,16:09,131,,,,,,,,,,,,,,,,,,
12/15/2016,16:09,260,,,,,,,,,,,,,,,,,,
11/18/2016,16:09,95,,,,,,,,,,,,,,,,,,
11/8/2016,16:09,126,,,,,,,,,,,,,,,,,,
10/13/2016,16:09,127,,,,,,,,,,,,,,,,,,
10/11/2016,16:09,69,,,,,,,,,,,,,,,,,,
9/24/2016,16:09,91,,,,,,,,,,,,,,,,,,
9/20/2016,16:09,23,,,,,,,,,,,,,,,,,,
9/20/2016,16:09,120,,,,,,,,,,,,,,,,,,
9/13/2016,16:09,118,,,,,,,,,,,,,,,,,,
9/11/2016,16:09,132,,,,,,,,,,,,,,,,,,
9/10/2016,16:09,92,,,,,,,,,,,,,,,,,,
11/21/2017,16:10,57,,,,,,,,,,,,,,,,,,
11/1/2017,16:10,166,,,,,,,,,,,,,,,,,,
9/28/2017,16:10,133,,,,,,,,,,,,,,,,,,
9/9/2017,16:10,91,,,,,,,,,,,,,,,,,,
6/7/2017,16:10,15,,,,,,,,,,,,,,,,,,
5/16/2017,16:10,196,,,,,,,,,,,,,,,,,,
5/2/2017,16:10,164,,,,,,,,,,,,,,,,,,
4/5/2017,16:10,137,,,,,,,,,,,,,,,,,,
3/20/2017,16:10,21,,,,,,,,,,,,,,,,,,
3/7/2017,16:10,190,,,,,,,,,,,,,,,,,,
3/6/2017,16:10,136,,,,,,,,,,,,,,,,,,
3/5/2017,16:10,172,,,,,,,,,,,,,,,,,,
2/21/2017,16:10,201,,,,,,,,,,,,,,,,,,
2/14/2017,16:10,139,,,,,,,,,,,,,,,,,,
1/31/2017,16:10,163,,,,,,,,,,,,,,,,,,
11/11/2016,16:10,38,,,,,,,,,,,,,,,,,,
10/18/2016,16:10,,,,,,,,,,,,,,,,,,,
10/30/2017,16:11,190,,,,,,,,,,,,,,,,,,
10/10/2017,16:11,63,,,,,,,,,,,,,,,,,,
10/5/2017,16:11,178,,,,,,,,,,,,,,,,,,
9/10/2017,16:11,156,,,,,,,,,,,,,,,,,,
4/30/2017,16:11,128,,,,,,,,,,,,,,,,,,
3/15/2017,16:11,150,,,,,,,,,,,,,,,,,,
3/13/2017,16:11,145,,,,,,,,,,,,,,,,,,
10/23/2016,16:11,100,,,,,,,,,,,,,,,,,,
10/21/2016,16:11,46,,,,,,,,,,,,,,,,,,
9/28/2016,16:11,163,,,,,,,,,,,,,,,,,,
9/22/2016,16:11,131,,,,,,,,,,,,,,,,,,
10/31/2017,16:12,142,,,,,,,,,,,,,,,,,,
9/16/2017,16:12,90,,,,,,,,,,,,,,,,,,
7/5/2017,16:12,20,,,,,,,,,,,,,,,,,,
6/12/2017,16:12,43,,,,,,,,,,,,,,,,,,
5/13/2017,16:12,106,,,,,,,,,,,,,,,,,,
4/13/2017,16:12,157,,,,,,,,,,,,,,,,,,
3/22/2017,16:12,25,,,,,,,,,,,,,,,,,,
2/8/2017,16:12,101,,,,,,,,,,,,,,,,,,
11/30/2016,16:12,210,,,,,,,,,,,,,,,,,,
10/24/2016,16:12,161,,,,,,,,,,,,,,,,,,
10/2/2016,16:12,159,,,,,,,,,,,,,,,,,,
11/2/2017,16:13,172,,,,,,,,,,,,,,,,,,
4/28/2017,16:13,85,,,,,,,,,,,,,,,,,,
1/28/2017,16:13,50,,,,,,,,,,,,,,,,,,
1/22/2017,16:13,28,,,,,,,,,,,,,,,,,,
11/9/2016,16:13,186,,,,,,,,,,,,,,,,,,
10/23/2017,16:14,165,,,,,,,,,,,,,,,,,,
9/23/2017,16:14,77,,,,,,,,,,,,,,,,,,
9/14/2017,16:14,178,,,,,,,,,,,,,,,,,,
6/20/2017,16:14,19,,,,,,,,,,,,,,,,,,
5/10/2017,16:14,172,,,,,,,,,,,,,,,,,,
3/28/2017,16:14,165,,,,,,,,,,,,,,,,,,
2/28/2017,16:14,156,,,,,,,,,,,,,,,,,,
2/27/2017,16:14,173,,,,,,,,,,,,,,,,,,
9/14/2016,16:14,173,,,,,,,,,,,,,,,,,,
8/29/2016,16:14,73,,,,,,,,,,,,,,,,,,
9/26/2017,16:15,83,,,,,,,,,,,,,,,,,,
9/5/2017,16:15,75,,,,,,,,,,,,,,,,,,
12/19/2016,16:15,172,,,,,,,,,,,,,,,,,,
10/30/2016,16:15,98,,,,,,,,,,,,,,,,,,
10/26/2016,16:15,298,,,,,,,,,,,,,,,,,,
8/18/2017,16:16,13,,,,,,,,,,,,,,,,,,
4/18/2017,16:16,195,,,,,,,,,,,,,,,,,,
3/30/2017,16:16,182,,,,,,,,,,,,,,,,,,
3/1/2017,16:16,165,,,,,,,,,,,,,,,,,,
11/15/2017,16:17,206,,,,,,,,,,,,,,,,,,
9/12/2017,16:17,120,,,,,,,,,,,,,,,,,,
4/21/2017,16:17,160,,,,,,,,,,,,,,,,,,
11/4/2017,16:18,92,,,,,,,,,,,,,,,,,,
10/17/2017,16:18,134,,,,,,,,,,,,,,,,,,
5/11/2017,16:18,205,,,,,,,,,,,,,,,,,,
2/4/2017,16:18,87,,,,,,,,,,,,,,,,,,
10/20/2016,16:18,153,,,,,,,,,,,,,,,,,,
6/23/2017,16:19,5,,,,,,,,,,,,,,,,,,
4/15/2017,16:19,65,,,,,,,,,,,,,,,,,,
11/28/2016,16:19,194,,,,,,,,,,,,,,,,,,
10/28/2016,16:19,45,,,,,,,,,,,,,,,,,,
8/18/2016,16:19,11,,,,,,,,,,,,,,,,,,
8/7/2017,16:20,20,,,,,,,,,,,,,,,,,,
8/3/2017,16:20,15,,,,,,,,,,,,,,,,,,
12/11/2016,16:20,142,,,,,,,,,,,,,,,,,,
11/5/2016,16:20,67,,,,,,,,,,,,,,,,,,
10/31/2016,16:20,154,,,,,,,,,,,,,,,,,,
10/19/2016,16:20,187,,,,,,,,,,,,,,,,,,
6/27/2017,16:21,25,,,,,,,,,,,,,,,,,,
5/26/2017,16:21,8,,,,,,,,,,,,,,,,,,
11/2/2016,16:21,183,,,,,,,,,,,,,,,,,,
10/1/2017,16:22,120,,,,,,,,,,,,,,,,,,
3/9/2017,16:22,134,,,,,,,,,,,,,,,,,,
12/13/2016,16:22,203,,,,,,,,,,,,,,,,,,
10/25/2017,16:23,149,,,,,,,,,,,,,,,,,,
9/8/2017,16:23,67,,,,,,,,,,,,,,,,,,
8/21/2017,16:23,11,,,,,,,,,,,,,,,,,,
1/29/2017,16:23,89,,,,,,,,,,,,,,,,,,
11/27/2017,16:24,146,,,,,,,,,,,,,,,,,,
11/9/2017,16:24,138,,,,,,,,,,,,,,,,,,
11/8/2017,16:24,182,,,,,,,,,,,,,,,,,,
9/20/2017,16:24,162,,,,,,,,,,,,,,,,,,
3/24/2017,16:24,16,,,,,,,,,,,,,,,,,,
10/3/2016,16:24,151,,,,,,,,,,,,,,,,,,
9/15/2016,16:24,157,,,,,,,,,,,,,,,,,,
8/29/2017,16:25,114,,,,,,,,,,,,,,,,,,
2/23/2017,16:25,120,,,,,,,,,,,,,,,,,,
3/27/2017,16:26,150,,,,,,,,,,,,,,,,,,
8/24/2017,16:27,16,,,,,,,,,,,,,,,,,,
3/10/2017,16:27,130,,,,,,,,,,,,,,,,,,
9/8/2016,16:27,126,,,,,,,,,,,,,,,,,,
8/25/2017,16:28,10,,,,,,,,,,,,,,,,,,
8/31/2016,16:28,151,,,,,,,,,,,,,,,,,,
10/3/2017,16:29,123,,,,,,,,,,,,,,,,,,
7/14/2017,16:30,10,,,,,,,,,,,,,,,,,,
3/16/2017,16:31,115,,,,,,,,,,,,,,,,,,
10/22/2017,16:32,76,,,,,,,,,,,,,,,,,,
11/10/2016,16:32,160,,,,,,,,,,,,,,,,,,
9/16/2016,16:32,38,,,,,,,,,,,,,,,,,,
8/17/2017,16:33,8,,,,,,,,,,,,,,,,,,
7/26/2017,16:33,25,,,,,,,,,,,,,,,,,,
3/29/2017,16:36,108,,,,,,,,,,,,,,,,,,
3/23/2017,16:36,9,,,,,,,,,,,,,,,,,,
7/11/2017,16:37,29,,,,,,,,,,,,,,,,,,
2/16/2017,16:37,15,,,,,,,,,,,,,,,,,,
2/16/2017,16:37,100,,,,,,,,,,,,,,,,,,
2/9/2017,16:38,40,,,,,,,,,,,,,,,,,,
8/30/2016,16:38,116,,,,,,,,,,,,,,,,,,
8/28/2016,16:40,25,,,,,,,,,,,,,,,,,,
9/6/2016,16:42,120,,,,,,,,,,,,,,,,,,
10/14/2016,16:50,56,,,,,,,,,,,,,,,,,,
7/17/2017,16:57,25,,,,,,,,,,,,,,,,,,
5/19/2017,17:09,15,,,,,,,,,,,,,,,,,,
6/11/2017,17:10,24,,,,,,,,,,,,,,,,,,
8/1/2017,17:15,21,,,,,,,,,,,,,,,,,,
4/29/2017,17:32,65,,,,,,,,,,,,,,,,,,
11/11/2016,17:50,57,,,,,,,,,,,,,,,,,,
10/25/2017,17:52,98,,,,,,,,,,,,,,,,,,
8/27/2017,17:52,15,,,,,,,,,,,,,,,,,,
4/3/2017,17:52,140,,,,,,,,,,,,,,,,,,
10/24/2016,17:52,146,,,,,,,,,,,,,,,,,,
10/1/2017,17:53,100,,,,,,,,,,,,,,,,,,
7/3/2017,17:53,12,,,,,,,,,,,,,,,,,,
8/31/2017,17:54,87,,,,,,,,,,,,,,,,,,
7/17/2017,17:54,21,,,,,,,,,,,,,,,,,,
12/10/2016,17:54,78,,,,,,,,,,,,,,,,,,
11/13/2016,17:54,151,,,,,,,,,,,,,,,,,,
9/14/2017,17:55,86,,,,,,,,,,,,,,,,,,
7/25/2017,17:55,24,,,,,,,,,,,,,,,,,,
2/15/2017,17:55,72,,,,,,,,,,,,,,,,,,
2/1/2017,17:55,109,,,,,,,,,,,,,,,,,,
11/21/2017,17:56,35,,,,,,,,,,,,,,,,,,
11/14/2017,17:56,92,,,,,,,,,,,,,,,,,,
10/10/2017,17:56,87,,,,,,,,,,,,,,,,,,
9/16/2017,17:56,88,,,,,,,,,,,,,,,,,,
4/26/2017,17:56,96,,,,,,,,,,,,,,,,,,
4/19/2017,17:56,109,,,,,,,,,,,,,,,,,,
4/8/2017,17:56,55,,,,,,,,,,,,,,,,,,
11/7/2017,17:57,79,,,,,,,,,,,,,,,,,,
9/5/2017,17:57,75,,,,,,,,,,,,,,,,,,
4/5/2017,17:57,83,,,,,,,,,,,,,,,,,,
3/18/2017,17:57,5,,,,,,,,,,,,,,,,,,
2/10/2017,17:57,70,,,,,,,,,,,,,,,,,,
1/30/2017,17:57,92,,,,,,,,,,,,,,,,,,
10/30/2016,17:57,91,,,,,,,,,,,,,,,,,,
10/27/2016,17:57,106,,,,,,,,,,,,,,,,,,
10/23/2016,17:57,85,,,,,,,,,,,,,,,,,,
10/14/2016,17:57,77,,,,,,,,,,,,,,,,,,
11/29/2017,17:58,200,,,,,,,,,,,,,,,,,,
10/29/2017,17:58,80,,,,,,,,,,,,,,,,,,
10/24/2017,17:58,80,,,,,,,,,,,,,,,,,,
10/5/2017,17:58,89,,,,,,,,,,,,,,,,,,
3/6/2017,17:58,187,,,,,,,,,,,,,,,,,,
2/5/2017,17:58,110,,,,,,,,,,,,,,,,,,
11/6/2016,17:58,101,,,,,,,,,,,,,,,,,,
9/18/2016,17:58,132,,,,,,,,,,,,,,,,,,
11/19/2017,17:59,131,,,,,,,,,,,,,,,,,,
11/16/2017,17:59,159,,,,,,,,,,,,,,,,,,
11/9/2017,17:59,90,,,,,,,,,,,,,,,,,,
5/9/2017,17:59,124,,,,,,,,,,,,,,,,,,
4/9/2017,17:59,94,,,,,,,,,,,,,,,,,,
4/1/2017,17:59,62,,,,,,,,,,,,,,,,,,
3/8/2017,17:59,85,,,,,,,,,,,,,,,,,,
3/7/2017,17:59,120,,,,,,,,,,,,,,,,,,
12/8/2016,17:59,165,,,,,,,,,,,,,,,,,,
11/8/2016,17:59,107,,,,,,,,,,,,,,,,,,
11/7/2016,17:59,132,,,,,,,,,,,,,,,,,,
8/28/2016,17:59,25,,,,,,,,,,,,,,,,,,
9/13/2017,18:00,85,,,,,,,,,,,,,,,,,,
6/19/2017,18:00,8,,,,,,,,,,,,,,,,,,
4/21/2017,18:00,32,,,,,,,,,,,,,,,,,,
4/12/2017,18:00,86,,,,,,,,,,,,,,,,,,
3/17/2017,18:00,30,,,,,,,,,,,,,,,,,,
3/9/2017,18:00,127,,,,,,,,,,,,,,,,,,
3/1/2017,18:00,123,,,,,,,,,,,,,,,,,,
2/8/2017,18:00,92,,,,,,,,,,,,,,,,,,
11/18/2016,18:00,66,,,,,,,,,,,,,,,,,,
10/2/2016,18:00,145,,,,,,,,,,,,,,,,,,
9/27/2016,18:00,107,,,,,,,,,,,,,,,,,,
10/28/2017,18:01,61,,,,,,,,,,,,,,,,,,
10/23/2017,18:01,70,,,,,,,,,,,,,,,,,,
9/28/2017,18:01,81,,,,,,,,,,,,,,,,,,
9/21/2017,18:01,98,,,,,,,,,,,,,,,,,,
6/11/2017,18:01,14,,,,,,,,,,,,,,,,,,
2/28/2017,18:01,72,,,,,,,,,,,,,,,,,,
2/24/2017,18:01,36,,,,,,,,,,,,,,,,,,
2/3/2017,18:01,56,,,,,,,,,,,,,,,,,,
1/27/2017,18:01,39,,,,,,,,,,,,,,,,,,
1/25/2017,18:01,81,,,,,,,,,,,,,,,,,,
10/16/2016,18:01,150,,,,,,,,,,,,,,,,,,
9/18/2017,18:02,101,,,,,,,,,,,,,,,,,,
2/13/2017,18:02,112,,,,,,,,,,,,,,,,,,
12/18/2016,18:02,195,,,,,,,,,,,,,,,,,,
12/1/2016,18:02,151,,,,,,,,,,,,,,,,,,
11/21/2016,18:02,103,,,,,,,,,,,,,,,,,,
10/18/2016,18:02,98,,,,,,,,,,,,,,,,,,
10/13/2016,18:02,135,,,,,,,,,,,,,,,,,,
11/26/2017,18:03,69,,,,,,,,,,,,,,,,,,
11/11/2017,18:03,97,,,,,,,,,,,,,,,,,,
11/2/2017,18:03,137,,,,,,,,,,,,,,,,,,
9/27/2017,18:03,102,,,,,,,,,,,,,,,,,,
7/26/2017,18:03,15,,,,,,,,,,,,,,,,,,
7/23/2017,18:03,19,,,,,,,,,,,,,,,,,,
6/25/2017,18:03,22,,,,,,,,,,,,,,,,,,
5/13/2017,18:03,146,,,,,,,,,,,,,,,,,,
5/2/2017,18:03,146,,,,,,,,,,,,,,,,,,
4/29/2017,18:03,79,,,,,,,,,,,,,,,,,,
12/15/2016,18:03,187,,,,,,,,,,,,,,,,,,
12/11/2016,18:03,178,,,,,,,,,,,,,,,,,,
9/26/2016,18:03,122,,,,,,,,,,,,,,,,,,
9/21/2016,18:03,128,,,,,,,,,,,,,,,,,,
8/29/2016,18:03,28,,,,,,,,,,,,,,,,,,
11/17/2017,18:04,63,,,,,,,,,,,,,,,,,,
10/19/2017,18:04,137,,,,,,,,,,,,,,,,,,
9/12/2017,18:04,120,,,,,,,,,,,,,,,,,,
7/6/2017,18:04,14,,,,,,,,,,,,,,,,,,
6/18/2017,18:04,7,,,,,,,,,,,,,,,,,,
5/5/2017,18:04,190,,,,,,,,,,,,,,,,,,
3/30/2017,18:04,140,,,,,,,,,,,,,,,,,,
3/10/2017,18:04,100,,,,,,,,,,,,,,,,,,
1/29/2017,18:04,95,,,,,,,,,,,,,,,,,,
10/6/2016,18:04,114,,,,,,,,,,,,,,,,,,
9/30/2016,18:04,55,,,,,,,,,,,,,,,,,,
9/22/2016,18:04,133,,,,,,,,,,,,,,,,,,
9/15/2016,18:04,111,,,,,,,,,,,,,,,,,,
10/22/2017,18:05,137,,,,,,,,,,,,,,,,,,
10/3/2017,18:05,84,,,,,,,,,,,,,,,,,,
9/20/2017,18:05,98,,,,,,,,,,,,,,,,,,
9/19/2017,18:05,110,,,,,,,,,,,,,,,,,,
9/7/2017,18:05,75,,,,,,,,,,,,,,,,,,
8/29/2017,18:05,60,,,,,,,,,,,,,,,,,,
7/30/2017,18:05,14,,,,,,,,,,,,,,,,,,
7/5/2017,18:05,21,,,,,,,,,,,,,,,,,,
4/2/2017,18:05,128,,,,,,,,,,,,,,,,,,
3/26/2017,18:05,77,,,,,,,,,,,,,,,,,,
3/11/2017,18:05,57,,,,,,,,,,,,,,,,,,
2/16/2017,18:05,127,,,,,,,,,,,,,,,,,,
12/3/2016,18:05,100,,,,,,,,,,,,,,,,,,
11/17/2016,18:05,130,,,,,,,,,,,,,,,,,,
11/4/2016,18:05,67,,,,,,,,,,,,,,,,,,
9/15/2017,18:06,52,,,,,,,,,,,,,,,,,,
9/6/2017,18:06,138,,,,,,,,,,,,,,,,,,
7/9/2017,18:06,10,,,,,,,,,,,,,,,,,,
6/29/2017,18:06,12,,,,,,,,,,,,,,,,,,
6/6/2017,18:06,24,,,,,,,,,,,,,,,,,,
5/6/2017,18:06,75,,,,,,,,,,,,,,,,,,
4/27/2017,18:06,135,,,,,,,,,,,,,,,,,,
4/17/2017,18:06,165,,,,,,,,,,,,,,,,,,
3/13/2017,18:06,140,,,,,,,,,,,,,,,,,,
3/4/2017,18:06,66,,,,,,,,,,,,,,,,,,
12/13/2016,18:06,171,,,,,,,,,,,,,,,,,,
11/3/2016,18:06,118,,,,,,,,,,,,,,,,,,
11/1/2016,18:06,114,,,,,,,,,,,,,,,,,,
10/11/2016,18:06,79,,,,,,,,,,,,,,,,,,
9/29/2016,18:06,"132
",,,,,,,,,,,,,,,,,,
9/25/2016,18:06,120,,,,,,,,,,,,,,,,,,
9/19/2016,18:06,140,,,,,,,,,,,,,,,,,,
9/12/2016,18:06,104,,,,,,,,,,,,,,,,,,
11/18/2017,18:07,68,,,,,,,,,,,,,,,,,,
10/31/2017,18:07,111,,,,,,,,,,,,,,,,,,
6/21/2017,18:07,21,,,,,,,,,,,,,,,,,,
6/7/2017,18:07,19,,,,,,,,,,,,,,,,,,
5/14/2017,18:07,137,,,,,,,,,,,,,,,,,,
4/7/2017,18:07,30,,,,,,,,,,,,,,,,,,
3/15/2017,18:07,118,,,,,,,,,,,,,,,,,,
12/12/2016,18:07,185,,,,,,,,,,,,,,,,,,
11/16/2016,18:07,185,,,,,,,,,,,,,,,,,,
10/31/2016,18:07,102,,,,,,,,,,,,,,,,,,
10/21/2016,18:07,42,,,,,,,,,,,,,,,,,,
10/20/2016,18:07,111,,,,,,,,,,,,,,,,,,
10/12/2016,18:07,163,,,,,,,,,,,,,,,,,,
10/4/2016,18:07,146,,,,,,,,,,,,,,,,,,
11/12/2017,18:08,152,,,,,,,,,,,,,,,,,,
10/26/2017,18:08,103,,,,,,,,,,,,,,,,,,
10/17/2017,18:08,179,,,,,,,,,,,,,,,,,,
8/3/2017,18:08,10,,,,,,,,,,,,,,,,,,
7/2/2017,18:08,4,,,,,,,,,,,,,,,,,,
5/3/2017,18:08,150,,,,,,,,,,,,,,,,,,
4/30/2017,18:08,167,,,,,,,,,,,,,,,,,,
4/16/2017,18:08,75,,,,,,,,,,,,,,,,,,
4/14/2017,18:08,75,,,,,,,,,,,,,,,,,,
4/13/2017,18:08,140,,,,,,,,,,,,,,,,,,
3/29/2017,18:08,130,,,,,,,,,,,,,,,,,,
3/28/2017,18:08,90,,,,,,,,,,,,,,,,,,
3/5/2017,18:08,96,,,,,,,,,,,,,,,,,,
2/22/2017,18:08,131,,,,,,,,,,,,,,,,,,
1/28/2017,18:08,54,,,,,,,,,,,,,,,,,,
12/16/2016,18:08,112,,,,,,,,,,,,,,,,,,
11/20/2016,18:08,119,,,,,,,,,,,,,,,,,,
11/14/2016,18:08,135,,,,,,,,,,,,,,,,,,
11/2/2016,18:08,80,,,,,,,,,,,,,,,,,,
9/11/2016,18:08,83,,,,,,,,,,,,,,,,,,
11/13/2017,18:09,143,,,,,,,,,,,,,,,,,,
10/15/2017,18:09,129,,,,,,,,,,,,,,,,,,
7/19/2017,18:09,14,,,,,,,,,,,,,,,,,,
7/19/2017,18:09,19,,,,,,,,,,,,,,,,,,
7/16/2017,18:09,12,,,,,,,,,,,,,,,,,,
5/11/2017,18:09,165,,,,,,,,,,,,,,,,,,
3/16/2017,18:09,142,,,,,,,,,,,,,,,,,,
2/19/2017,18:09,53,,,,,,,,,,,,,,,,,,
2/14/2017,18:09,90,,,,,,,,,,,,,,,,,,
2/9/2017,18:09,46,,,,,,,,,,,,,,,,,,
12/4/2016,18:09,140,,,,,,,,,,,,,,,,,,
11/28/2016,18:09,82,,,,,,,,,,,,,,,,,,
10/17/2016,18:09,138,,,,,,,,,,,,,,,,,,
9/8/2016,18:09,99,,,,,,,,,,,,,,,,,,
9/7/2016,18:09,,,,,,,,,,,,,,,,,,,
9/7/2016,18:09,,,,,,,,,,,,,,,,,,,
8/31/2016,18:09,,,,,,,,,,,,,,,,,,,
11/15/2017,18:10,120,,,,,,,,,,,,,,,,,,
11/8/2017,18:10,176,,,,,,,,,,,,,,,,,,
11/1/2017,18:10,122,,,,,,,,,,,,,,,,,,
10/2/2017,18:10,137,,,,,,,,,,,,,,,,,,
9/26/2017,18:10,130,,,,,,,,,,,,,,,,,,
5/19/2017,18:10,20,,,,,,,,,,,,,,,,,,
5/4/2017,18:10,160,,,,,,,,,,,,,,,,,,
3/12/2017,18:10,153,,,,,,,,,,,,,,,,,,
3/3/2017,18:10,75,,,,,,,,,,,,,,,,,,
3/2/2017,18:10,136,,,,,,,,,,,,,,,,,,
2/7/2017,18:10,76,,,,,,,,,,,,,,,,,,
2/6/2017,18:10,131,,,,,,,,,,,,,,,,,,
1/31/2017,18:10,78,,,,,,,,,,,,,,,,,,
1/26/2017,18:10,,,,,,,,,,,,,,,,,,,
12/19/2016,18:10,146,,,,,,,,,,,,,,,,,,
12/6/2016,18:10,171,,,,,,,,,,,,,,,,,,
12/5/2016,18:10,168,,,,,,,,,,,,,,,,,,
11/15/2016,18:10,120,,,,,,,,,,,,,,,,,,
11/9/2016,18:10,106,,,,,,,,,,,,,,,,,,
10/5/2016,18:10,174,,,,,,,,,,,,,,,,,,
9/20/2016,18:10,126,,,,,,,,,,,,,,,,,,
9/1/2016,18:10,77,,,,,,,,,,,,,,,,,,
8/30/2016,18:10,66,,,,,,,,,,,,,,,,,,
10/18/2017,18:11,124,,,,,,,,,,,,,,,,,,
10/13/2017,18:11,65,,,,,,,,,,,,,,,,,,
5/7/2017,18:11,157,,,,,,,,,,,,,,,,,,
4/15/2017,18:11,45,,,,,,,,,,,,,,,,,,
3/31/2017,18:11,41,,,,,,,,,,,,,,,,,,
2/27/2017,18:11,158,,,,,,,,,,,,,,,,,,
12/9/2016,18:11,90,,,,,,,,,,,,,,,,,,
11/5/2016,18:11,62,,,,,,,,,,,,,,,,,,
11/6/2017,18:12,83,,,,,,,,,,,,,,,,,,
9/8/2017,18:12,33,,,,,,,,,,,,,,,,,,
8/1/2017,18:12,20,,,,,,,,,,,,,,,,,,
7/27/2017,18:12,15,,,,,,,,,,,,,,,,,,
5/17/2017,18:12,140,,,,,,,,,,,,,,,,,,
4/25/2017,18:12,132,,,,,,,,,,,,,,,,,,
4/4/2017,18:12,108,,,,,,,,,,,,,,,,,,
3/27/2017,18:12,109,,,,,,,,,,,,,,,,,,
2/17/2017,18:12,30,,,,,,,,,,,,,,,,,,
10/3/2016,18:12,142,,,,,,,,,,,,,,,,,,
10/14/2017,18:13,70,,,,,,,,,,,,,,,,,,
10/12/2017,18:13,125,,,,,,,,,,,,,,,,,,
8/30/2017,18:13,85,,,,,,,,,,,,,,,,,,
5/16/2017,18:13,125,,,,,,,,,,,,,,,,,,
5/1/2017,18:13,180,,,,,,,,,,,,,,,,,,
4/28/2017,18:13,23,,,,,,,,,,,,,,,,,,
2/20/2017,18:13,124,,,,,,,,,,,,,,,,,,
1/23/2017,18:13,45,,,,,,,,,,,,,,,,,,
11/22/2016,18:13,24,,,,,,,,,,,,,,,,,,
9/10/2016,18:13,69,,,,,,,,,,,,,,,,,,
11/20/2017,18:14,126,,,,,,,,,,,,,,,,,,
9/22/2017,18:14,65,,,,,,,,,,,,,,,,,,
5/15/2017,18:14,196,,,,,,,,,,,,,,,,,,
4/6/2017,18:14,140,,,,,,,,,,,,,,,,,,
11/29/2016,18:14,151,,,,,,,,,,,,,,,,,,
10/19/2016,18:14,145,,,,,,,,,,,,,,,,,,
10/21/2017,18:15,68,,,,,,,,,,,,,,,,,,
10/11/2017,18:15,137,,,,,,,,,,,,,,,,,,
8/28/2017,18:15,25,,,,,,,,,,,,,,,,,,
2/25/2017,18:15,95,,,,,,,,,,,,,,,,,,
2/11/2017,18:15,58,,,,,,,,,,,,,,,,,,
2/2/2017,18:15,128,,,,,,,,,,,,,,,,,,
12/22/2016,18:15,15,,,,,,,,,,,,,,,,,,
12/14/2016,18:15,250,,,,,,,,,,,,,,,,,,
12/7/2016,18:15,202,,,,,,,,,,,,,,,,,,
11/19/2016,18:15,67,,,,,,,,,,,,,,,,,,
10/25/2016,18:15,96,,,,,,,,,,,,,,,,,,
11/28/2017,18:16,110,,,,,,,,,,,,,,,,,,
10/27/2017,18:16,23,,,,,,,,,,,,,,,,,,
10/4/2017,18:16,191,,,,,,,,,,,,,,,,,,
9/17/2017,18:16,124,,,,,,,,,,,,,,,,,,
2/23/2017,18:16,136,,,,,,,,,,,,,,,,,,
11/30/2016,18:16,153,,,,,,,,,,,,,,,,,,
10/1/2016,18:16,74,,,,,,,,,,,,,,,,,,
9/13/2016,18:16,109,,,,,,,,,,,,,,,,,,
10/16/2017,18:17,42,,,,,,,,,,,,,,,,,,
5/18/2017,18:17,140,,,,,,,,,,,,,,,,,,
4/24/2017,18:17,91,,,,,,,,,,,,,,,,,,
2/18/2017,18:17,37,,,,,,,,,,,,,,,,,,
10/22/2016,18:17,62,,,,,,,,,,,,,,,,,,
9/23/2016,18:17,45,,,,,,,,,,,,,,,,,,
1/24/2017,18:18,40,,,,,,,,,,,,,,,,,,
11/27/2017,18:19,107,,,,,,,,,,,,,,,,,,
4/18/2017,18:19,108,,,,,,,,,,,,,,,,,,
1/22/2017,18:19,18,,,,,,,,,,,,,,,,,,
12/20/2016,18:19,112,,,,,,,,,,,,,,,,,,
9/9/2016,18:19,49,,,,,,,,,,,,,,,,,,
11/5/2017,18:20,109,,,,,,,,,,,,,,,,,,
5/8/2017,18:20,192,,,,,,,,,,,,,,,,,,
11/10/2016,18:20,141,,,,,,,,,,,,,,,,,,
6/12/2017,18:21,28,,,,,,,,,,,,,,,,,,
11/10/2017,18:22,33,,,,,,,,,,,,,,,,,,
10/29/2016,18:22,40,,,,,,,,,,,,,,,,,,
11/4/2017,18:23,93,,,,,,,,,,,,,,,,,,
10/20/2017,18:23,46,,,,,,,,,,,,,,,,,,
7/10/2017,18:23,6,,,,,,,,,,,,,,,,,,
6/22/2017,18:23,11,,,,,,,,,,,,,,,,,,
9/2/2016,18:23,37,,,,,,,,,,,,,,,,,,
4/20/2017,18:24,111,,,,,,,,,,,,,,,,,,
2/21/2017,18:24,92,,,,,,,,,,,,,,,,,,
9/14/2016,18:24,100,,,,,,,,,,,,,,,,,,
9/24/2017,18:25,143,,,,,,,,,,,,,,,,,,
11/27/2016,18:25,57,,,,,,,,,,,,,,,,,,
9/25/2017,18:26,76,,,,,,,,,,,,,,,,,,
4/23/2017,18:26,153,,,,,,,,,,,,,,,,,,
12/2/2016,18:26,67,,,,,,,,,,,,,,,,,,
9/6/2016,18:26,84,,,,,,,,,,,,,,,,,,
9/9/2017,18:29,61,,,,,,,,,,,,,,,,,,
4/11/2017,18:30,96,,,,,,,,,,,,,,,,,,
7/12/2017,18:32,15,,,,,,,,,,,,,,,,,,
11/12/2016,18:32,71,,,,,,,,,,,,,,,,,,
9/30/2017,18:33,78,,,,,,,,,,,,,,,,,,
2/26/2017,18:33,139,,,,,,,,,,,,,,,,,,
10/30/2017,18:34,103,,,,,,,,,,,,,,,,,,
8/6/2017,18:35,13,,,,,,,,,,,,,,,,,,
4/22/2017,18:36,51,,,,,,,,,,,,,,,,,,
7/18/2017,18:37,19,,,,,,,,,,,,,,,,,,
6/28/2017,18:37,14,,,,,,,,,,,,,,,,,,
10/28/2016,18:38,31,,,,,,,,,,,,,,,,,,
8/2/2017,18:39,8,,,,,,,,,,,,,,,,,,
5/12/2017,18:39,120,,,,,,,,,,,,,,,,,,
10/26/2016,18:39,123,,,,,,,,,,,,,,,,,,
7/11/2017,18:41,30,,,,,,,,,,,,,,,,,,
11/13/2017,18:46,128,,,,,,,,,,,,,,,,,,
10/15/2016,18:53,83,,,,,,,,,,,,,,,,,,
11/3/2017,18:57,74,,,,,,,,,,,,,,,,,,
12/17/2016,19:04,100,,,,,,,,,,,,,,,,,,
9/16/2016,19:05,32,,,,,,,,,,,,,,,,,,
8/9/2017,19:18,12,,,,,,,,,,,,,,,,,,
7/13/2017,19:35,13,,,,,,,,,,,,,,,,,,
11/18/2017,19:43,34,,,,,,,,,,,,,,,,,,
8/29/2017,19:52,64,,,,,,,,,,,,,,,,,,
9/27/2017,19:54,205,,,,,,,,,,,,,,,,,,
4/18/2017,19:54,111,,,,,,,,,,,,,,,,,,
2/25/2017,19:54,52,,,,,,,,,,,,,,,,,,
5/4/2017,19:55,163,,,,,,,,,,,,,,,,,,
3/7/2017,19:55,140,,,,,,,,,,,,,,,,,,
12/18/2016,19:55,"160
",,,,,,,,,,,,,,,,,,
8/8/2017,19:56,21,,,,,,,,,,,,,,,,,,
4/4/2017,19:56,170,,,,,,,,,,,,,,,,,,
10/18/2016,19:56,"156
",,,,,,,,,,,,,,,,,,
10/24/2017,19:57,112,,,,,,,,,,,,,,,,,,
7/6/2017,19:57,5,,,,,,,,,,,,,,,,,,
4/29/2017,19:57,42,,,,,,,,,,,,,,,,,,
3/28/2017,19:57,117,,,,,,,,,,,,,,,,,,
11/21/2017,19:58,10,,,,,,,,,,,,,,,,,,
5/16/2017,19:58,152,,,,,,,,,,,,,,,,,,
2/14/2017,19:58,89,,,,,,,,,,,,,,,,,,
10/29/2017,19:59,84,,,,,,,,,,,,,,,,,,
7/27/2017,19:59,10,,,,,,,,,,,,,,,,,,
2/3/2017,19:59,20,,,,,,,,,,,,,,,,,,
11/17/2016,19:59,101,,,,,,,,,,,,,,,,,,
11/4/2016,19:59,41,,,,,,,,,,,,,,,,,,
11/7/2017,20:00,160,,,,,,,,,,,,,,,,,,
10/11/2017,20:00,156,,,,,,,,,,,,,,,,,,
9/15/2017,20:00,32,,,,,,,,,,,,,,,,,,
5/5/2017,20:00,27,,,,,,,,,,,,,,,,,,
4/25/2017,20:00,168,,,,,,,,,,,,,,,,,,
2/6/2017,20:00,106,,,,,,,,,,,,,,,,,,
12/16/2016,20:00,65,,,,,,,,,,,,,,,,,,
10/30/2016,20:00,115,,,,,,,,,,,,,,,,,,
10/17/2016,20:00,127,,,,,,,,,,,,,,,,,,
11/16/2017,20:01,138,,,,,,,,,,,,,,,,,,
7/13/2017,20:01,8,,,,,,,,,,,,,,,,,,
7/12/2017,20:01,14,,,,,,,,,,,,,,,,,,
6/7/2017,20:01,24,,,,,,,,,,,,,,,,,,
5/6/2017,20:01,48,,,,,,,,,,,,,,,,,,
11/19/2016,20:01,36,,,,,,,,,,,,,,,,,,
11/2/2016,20:01,105,,,,,,,,,,,,,,,,,,
10/13/2016,20:01,166,,,,,,,,,,,,,,,,,,
10/11/2016,20:01,66,,,,,,,,,,,,,,,,,,
9/30/2016,20:01,39,,,,,,,,,,,,,,,,,,
9/27/2016,20:01,157,,,,,,,,,,,,,,,,,,
9/26/2016,20:01,136,,,,,,,,,,,,,,,,,,
10/18/2017,20:02,161,,,,,,,,,,,,,,,,,,
9/23/2017,20:02,45,,,,,,,,,,,,,,,,,,
9/19/2017,20:02,121,,,,,,,,,,,,,,,,,,
9/9/2017,20:02,30,,,,,,,,,,,,,,,,,,
6/14/2017,20:02,10,,,,,,,,,,,,,,,,,,
4/20/2017,20:02,108,,,,,,,,,,,,,,,,,,
3/5/2017,20:02,105,,,,,,,,,,,,,,,,,,
9/17/2016,20:02,34,,,,,,,,,,,,,,,,,,
8/1/2017,20:03,10,,,,,,,,,,,,,,,,,,
6/6/2017,20:03,16,,,,,,,,,,,,,,,,,,
4/19/2017,20:03,120,,,,,,,,,,,,,,,,,,
12/3/2016,20:03,62,,,,,,,,,,,,,,,,,,
10/1/2016,20:03,38,,,,,,,,,,,,,,,,,,
9/24/2017,20:04,132,,,,,,,,,,,,,,,,,,
9/22/2017,20:04,25,,,,,,,,,,,,,,,,,,
9/10/2017,20:04,100,,,,,,,,,,,,,,,,,,
9/7/2017,20:04,115,,,,,,,,,,,,,,,,,,
5/2/2017,20:04,100,,,,,,,,,,,,,,,,,,
4/21/2017,20:04,25,,,,,,,,,,,,,,,,,,
4/13/2017,20:04,119,,,,,,,,,,,,,,,,,,
3/15/2017,20:04,113,,,,,,,,,,,,,,,,,,
3/13/2017,20:04,62,,,,,,,,,,,,,,,,,,
3/6/2017,20:04,141,,,,,,,,,,,,,,,,,,
2/1/2017,20:04,125,,,,,,,,,,,,,,,,,,
12/21/2016,20:04,"130
",,,,,,,,,,,,,,,,,,
12/17/2016,20:04,90,,,,,,,,,,,,,,,,,,
11/5/2016,20:04,36,,,,,,,,,,,,,,,,,,
10/20/2016,20:04,152,,,,,,,,,,,,,,,,,,
11/26/2017,20:05,79,,,,,,,,,,,,,,,,,,
11/5/2017,20:05,106,,,,,,,,,,,,,,,,,,
10/17/2017,20:05,185,,,,,,,,,,,,,,,,,,
6/12/2017,20:05,13,,,,,,,,,,,,,,,,,,
3/29/2017,20:05,87,,,,,,,,,,,,,,,,,,
3/10/2017,20:05,46,,,,,,,,,,,,,,,,,,
3/4/2017,20:05,27,,,,,,,,,,,,,,,,,,
2/24/2017,20:05,25,,,,,,,,,,,,,,,,,,
2/19/2017,20:05,26,,,,,,,,,,,,,,,,,,
2/8/2017,20:05,75,,,,,,,,,,,,,,,,,,
1/29/2017,20:05,65,,,,,,,,,,,,,,,,,,
12/20/2016,20:05,121,,,,,,,,,,,,,,,,,,
12/8/2016,20:05,155,,,,,,,,,,,,,,,,,,
12/5/2016,20:05,174,,,,,,,,,,,,,,,,,,
10/22/2016,20:05,33,,,,,,,,,,,,,,,,,,
10/19/2016,20:05,110,,,,,,,,,,,,,,,,,,
10/16/2016,20:05,154,,,,,,,,,,,,,,,,,,
9/21/2016,20:05,84,,,,,,,,,,,,,,,,,,
11/4/2017,20:06,35,,,,,,,,,,,,,,,,,,
10/26/2017,20:06,135,,,,,,,,,,,,,,,,,,
10/15/2017,20:06,152,,,,,,,,,,,,,,,,,,
10/10/2017,20:06,80,,,,,,,,,,,,,,,,,,
9/17/2017,20:06,122,,,,,,,,,,,,,,,,,,
9/13/2017,20:06,132,,,,,,,,,,,,,,,,,,
7/19/2017,20:06,13,,,,,,,,,,,,,,,,,,
7/3/2017,20:06,3,,,,,,,,,,,,,,,,,,
6/22/2017,20:06,7,,,,,,,,,,,,,,,,,,
6/19/2017,20:06,12,,,,,,,,,,,,,,,,,,
5/13/2017,20:06,21,,,,,,,,,,,,,,,,,,
2/28/2017,20:06,139,,,,,,,,,,,,,,,,,,
2/15/2017,20:06,130,,,,,,,,,,,,,,,,,,
2/10/2017,20:06,17,,,,,,,,,,,,,,,,,,
11/9/2016,20:06,89,,,,,,,,,,,,,,,,,,
11/8/2016,20:06,122,,,,,,,,,,,,,,,,,,
11/3/2017,20:07,45,,,,,,,,,,,,,,,,,,
10/2/2017,20:07,120,,,,,,,,,,,,,,,,,,
9/18/2017,20:07,115,,,,,,,,,,,,,,,,,,
8/30/2017,20:07,102,,,,,,,,,,,,,,,,,,
8/27/2017,20:07,14,,,,,,,,,,,,,,,,,,
7/24/2017,20:07,8,,,,,,,,,,,,,,,,,,
7/11/2017,20:07,18,,,,,,,,,,,,,,,,,,
6/29/2017,20:07,2,,,,,,,,,,,,,,,,,,
5/15/2017,20:07,180,,,,,,,,,,,,,,,,,,
5/14/2017,20:07,110,,,,,,,,,,,,,,,,,,
4/10/2017,20:07,80,,,,,,,,,,,,,,,,,,
2/27/2017,20:07,163,,,,,,,,,,,,,,,,,,
2/5/2017,20:07,47,,,,,,,,,,,,,,,,,,
11/29/2016,20:07,170,,,,,,,,,,,,,,,,,,
11/3/2016,20:07,130,,,,,,,,,,,,,,,,,,
11/1/2016,20:07,220,,,,,,,,,,,,,,,,,,
10/26/2016,20:07,131,,,,,,,,,,,,,,,,,,
10/25/2016,20:07,122,,,,,,,,,,,,,,,,,,
10/14/2016,20:07,0,,,,,,,,,,,,,,,,,,
10/5/2016,20:07,115,,,,,,,,,,,,,,,,,,
10/2/2016,20:07,119,,,,,,,,,,,,,,,,,,
9/25/2016,20:07,105,,,,,,,,,,,,,,,,,,
8/30/2016,20:07,42,,,,,,,,,,,,,,,,,,
11/19/2017,20:08,126,,,,,,,,,,,,,,,,,,
11/11/2017,20:08,32,,,,,,,,,,,,,,,,,,
10/13/2017,20:08,27,,,,,,,,,,,,,,,,,,
10/4/2017,20:08,172,,,,,,,,,,,,,,,,,,
7/5/2017,20:08,7,,,,,,,,,,,,,,,,,,
6/8/2017,20:08,6,,,,,,,,,,,,,,,,,,
5/31/2017,20:08,17,,,,,,,,,,,,,,,,,,
5/9/2017,20:08,70,,,,,,,,,,,,,,,,,,
5/3/2017,20:08,146,,,,,,,,,,,,,,,,,,
4/27/2017,20:08,152,,,,,,,,,,,,,,,,,,
4/14/2017,20:08,35,,,,,,,,,,,,,,,,,,
4/8/2017,20:08,17,,,,,,,,,,,,,,,,,,
4/6/2017,20:08,121,,,,,,,,,,,,,,,,,,
4/5/2017,20:08,130,,,,,,,,,,,,,,,,,,
3/3/2017,20:08,27,,,,,,,,,,,,,,,,,,
3/1/2017,20:08,140,,,,,,,,,,,,,,,,,,
2/21/2017,20:08,158,,,,,,,,,,,,,,,,,,
12/19/2016,20:08,167,,,,,,,,,,,,,,,,,,
11/30/2016,20:08,102,,,,,,,,,,,,,,,,,,
11/27/2016,20:08,112,,,,,,,,,,,,,,,,,,
11/21/2016,20:08,101,,,,,,,,,,,,,,,,,,
10/6/2016,20:08,132,,,,,,,,,,,,,,,,,,
9/23/2016,20:08,26,,,,,,,,,,,,,,,,,,
9/16/2016,20:08,32,,,,,,,,,,,,,,,,,,
11/2/2017,20:09,145,,,,,,,,,,,,,,,,,,
10/30/2017,20:09,193,,,,,,,,,,,,,,,,,,
10/23/2017,20:09,137,,,,,,,,,,,,,,,,,,
10/1/2017,20:09,151,,,,,,,,,,,,,,,,,,
9/20/2017,20:09,119,,,,,,,,,,,,,,,,,,
6/1/2017,20:09,12,,,,,,,,,,,,,,,,,,
5/1/2017,20:09,185,,,,,,,,,,,,,,,,,,
4/26/2017,20:09,155,,,,,,,,,,,,,,,,,,
4/16/2017,20:09,74,,,,,,,,,,,,,,,,,,
4/7/2017,20:09,22,,,,,,,,,,,,,,,,,,
1/30/2017,20:09,100,,,,,,,,,,,,,,,,,,
1/28/2017,20:09,34,,,,,,,,,,,,,,,,,,
1/23/2017,20:09,30,,,,,,,,,,,,,,,,,,
12/13/2016,20:09,123,,,,,,,,,,,,,,,,,,
12/12/2016,20:09,131,,,,,,,,,,,,,,,,,,
12/10/2016,20:09,44,,,,,,,,,,,,,,,,,,
11/7/2016,20:09,184,,,,,,,,,,,,,,,,,,
10/21/2016,20:09,14,,,,,,,,,,,,,,,,,,
10/4/2016,20:09,,,,,,,,,,,,,,,,,,,
9/29/2016,20:09,147,,,,,,,,,,,,,,,,,,
11/12/2017,20:10,123,,,,,,,,,,,,,,,,,,
10/28/2017,20:10,25,,,,,,,,,,,,,,,,,,
10/22/2017,20:10,117,,,,,,,,,,,,,,,,,,
9/12/2017,20:10,100,,,,,,,,,,,,,,,,,,
9/8/2017,20:10,10,,,,,,,,,,,,,,,,,,
7/25/2017,20:10,8,,,,,,,,,,,,,,,,,,
5/8/2017,20:10,170,,,,,,,,,,,,,,,,,,
4/17/2017,20:10,165,,,,,,,,,,,,,,,,,,
4/12/2017,20:10,135,,,,,,,,,,,,,,,,,,
3/11/2017,20:10,32,,,,,,,,,,,,,,,,,,
2/20/2017,20:10,96,,,,,,,,,,,,,,,,,,
2/7/2017,20:10,117,,,,,,,,,,,,,,,,,,
2/2/2017,20:10,76,,,,,,,,,,,,,,,,,,
12/6/2016,20:10,138,,,,,,,,,,,,,,,,,,
10/27/2016,20:10,94,,,,,,,,,,,,,,,,,,
9/15/2016,20:10,117,,,,,,,,,,,,,,,,,,
9/10/2016,20:10,31,,,,,,,,,,,,,,,,,,
9/7/2016,20:10,74,,,,,,,,,,,,,,,,,,
9/1/2016,20:10,87,,,,,,,,,,,,,,,,,,
11/20/2017,20:11,133,,,,,,,,,,,,,,,,,,
11/6/2017,20:11,137,,,,,,,,,,,,,,,,,,
10/27/2017,20:11,19,,,,,,,,,,,,,,,,,,
9/16/2017,20:11,32,,,,,,,,,,,,,,,,,,
8/3/2017,20:11,10,,,,,,,,,,,,,,,,,,
6/26/2017,20:11,7,,,,,,,,,,,,,,,,,,
4/24/2017,20:11,185,,,,,,,,,,,,,,,,,,
3/17/2017,20:11,13,,,,,,,,,,,,,,,,,,
2/22/2017,20:11,189,,,,,,,,,,,,,,,,,,
1/25/2017,20:11,93,,,,,,,,,,,,,,,,,,
12/9/2016,20:11,44,,,,,,,,,,,,,,,,,,
12/7/2016,20:11,110,,,,,,,,,,,,,,,,,,
11/28/2016,20:11,214,,,,,,,,,,,,,,,,,,
11/20/2016,20:11,132,,,,,,,,,,,,,,,,,,
11/15/2016,20:11,105,,,,,,,,,,,,,,,,,,
11/14/2017,20:12,120,,,,,,,,,,,,,,,,,,
11/13/2017,20:12,158,,,,,,,,,,,,,,,,,,
9/30/2017,20:12,35,,,,,,,,,,,,,,,,,,
5/11/2017,20:12,167,,,,,,,,,,,,,,,,,,
4/28/2017,20:12,10,,,,,,,,,,,,,,,,,,
4/2/2017,20:12,146,,,,,,,,,,,,,,,,,,
2/13/2017,20:12,112,,,,,,,,,,,,,,,,,,
2/4/2017,20:12,31,,,,,,,,,,,,,,,,,,
10/28/2016,20:12,20,,,,,,,,,,,,,,,,,,
9/22/2016,20:12,136,,,,,,,,,,,,,,,,,,
10/19/2017,20:13,126,,,,,,,,,,,,,,,,,,
8/31/2017,20:13,83,,,,,,,,,,,,,,,,,,
7/17/2017,20:13,6,,,,,,,,,,,,,,,,,,
3/27/2017,20:13,149,,,,,,,,,,,,,,,,,,
1/24/2017,20:13,32,,,,,,,,,,,,,,,,,,
12/15/2016,20:13,196,,,,,,,,,,,,,,,,,,
12/14/2016,20:13,179,,,,,,,,,,,,,,,,,,
10/15/2016,20:13,6,,,,,,,,,,,,,,,,,,
9/19/2016,20:13,161,,,,,,,,,,,,,,,,,,
9/8/2016,20:13,118,,,,,,,,,,,,,,,,,,
11/15/2017,20:14,137,,,,,,,,,,,,,,,,,,
10/25/2017,20:14,110,,,,,,,,,,,,,,,,,,
10/5/2017,20:14,152,,,,,,,,,,,,,,,,,,
9/29/2017,20:14,32,,,,,,,,,,,,,,,,,,
9/28/2017,20:14,160,,,,,,,,,,,,,,,,,,
7/20/2017,20:14,8,,,,,,,,,,,,,,,,,,
5/19/2017,20:14,19,,,,,,,,,,,,,,,,,,
4/3/2017,20:14,147,,,,,,,,,,,,,,,,,,
12/1/2016,20:14,209,,,,,,,,,,,,,,,,,,
11/18/2016,20:14,42,,,,,,,,,,,,,,,,,,
10/3/2016,20:14,184,,,,,,,,,,,,,,,,,,
9/12/2016,20:14,115,,,,,,,,,,,,,,,,,,
8/31/2016,20:14,,,,,,,,,,,,,,,,,,,
8/28/2016,20:14,20,,,,,,,,,,,,,,,,,,
10/21/2017,20:15,39,,,,,,,,,,,,,,,,,,
6/28/2017,20:15,8,,,,,,,,,,,,,,,,,,
3/2/2017,20:15,145,,,,,,,,,,,,,,,,,,
2/16/2017,20:15,105,,,,,,,,,,,,,,,,,,
1/26/2017,20:15,70,,,,,,,,,,,,,,,,,,
1/22/2017,20:15,9,,,,,,,,,,,,,,,,,,
11/12/2016,20:15,35,,,,,,,,,,,,,,,,,,
11/10/2016,20:15,127,,,,,,,,,,,,,,,,,,
11/6/2016,20:15,119,,,,,,,,,,,,,,,,,,
10/16/2017,20:16,205,,,,,,,,,,,,,,,,,,
10/12/2017,20:16,149,,,,,,,,,,,,,,,,,,
5/18/2017,20:16,124,,,,,,,,,,,,,,,,,,
3/8/2017,20:16,166,,,,,,,,,,,,,,,,,,
2/23/2017,20:16,113,,,,,,,,,,,,,,,,,,
11/14/2016,20:16,189,,,,,,,,,,,,,,,,,,
10/14/2017,20:17,49,,,,,,,,,,,,,,,,,,
9/14/2017,20:17,120,,,,,,,,,,,,,,,,,,
5/10/2017,20:17,118,,,,,,,,,,,,,,,,,,
3/30/2017,20:17,139,,,,,,,,,,,,,,,,,,
12/4/2016,20:17,187,,,,,,,,,,,,,,,,,,
11/13/2016,20:17,127,,,,,,,,,,,,,,,,,,
10/24/2016,20:17,138,,,,,,,,,,,,,,,,,,
9/13/2016,20:17,112,,,,,,,,,,,,,,,,,,
11/28/2017,20:18,123,,,,,,,,,,,,,,,,,,
9/11/2017,20:18,142,,,,,,,,,,,,,,,,,,
10/29/2016,20:18,16,,,,,,,,,,,,,,,,,,
8/2/2017,20:19,6,,,,,,,,,,,,,,,,,,
7/18/2017,20:19,20,,,,,,,,,,,,,,,,,,
3/9/2017,20:19,152,,,,,,,,,,,,,,,,,,
2/9/2017,20:19,37,,,,,,,,,,,,,,,,,,
11/22/2016,20:19,18,,,,,,,,,,,,,,,,,,
11/17/2017,20:20,28,,,,,,,,,,,,,,,,,,
11/8/2017,20:20,128,,,,,,,,,,,,,,,,,,
3/26/2017,20:20,75,,,,,,,,,,,,,,,,,,
10/3/2017,20:21,132,,,,,,,,,,,,,,,,,,
4/9/2017,20:21,90,,,,,,,,,,,,,,,,,,
9/24/2016,20:21,26,,,,,,,,,,,,,,,,,,
9/25/2017,20:22,140,,,,,,,,,,,,,,,,,,
12/2/2016,20:22,47,,,,,,,,,,,,,,,,,,
9/20/2016,20:22,92,,,,,,,,,,,,,,,,,,
2/11/2017,20:24,35,,,,,,,,,,,,,,,,,,
4/22/2017,20:25,35,,,,,,,,,,,,,,,,,,
11/10/2017,20:27,11,,,,,,,,,,,,,,,,,,
11/29/2017,20:28,144,,,,,,,,,,,,,,,,,,
11/1/2017,20:28,147,,,,,,,,,,,,,,,,,,
8/7/2017,20:28,11,,,,,,,,,,,,,,,,,,
3/16/2017,20:28,98,,,,,,,,,,,,,,,,,,
1/27/2017,20:28,15,,,,,,,,,,,,,,,,,,
3/31/2017,20:30,20,,,,,,,,,,,,,,,,,,
9/2/2016,20:30,8,,,,,,,,,,,,,,,,,,
12/11/2016,20:33,141,,,,,,,,,,,,,,,,,,
11/11/2016,20:37,20,,,,,,,,,,,,,,,,,,
9/28/2016,20:37,135,,,,,,,,,,,,,,,,,,
8/28/2017,20:40,50,,,,,,,,,,,,,,,,,,
9/9/2016,20:40,21,,,,,,,,,,,,,,,,,,
9/21/2017,20:41,119,,,,,,,,,,,,,,,,,,
10/23/2016,20:41,126,,,,,,,,,,,,,,,,,,
9/6/2016,20:42,101,,,,,,,,,,,,,,,,,,
1/31/2017,20:43,72,,,,,,,,,,,,,,,,,,
5/12/2017,20:45,57,,,,,,,,,,,,,,,,,,
5/17/2017,20:46,142,,,,,,,,,,,,,,,,,,
9/11/2016,20:58,105,,,,,,,,,,,,,,,,,,
9/18/2016,21:04,118,,,,,,,,,,,,,,,,,,
5/7/2017,21:51,175,,,,,,,,,,,,,,,,,,
2/26/2017,21:54,116,,,,,,,,,,,,,,,,,,
5/9/2017,21:55,90,,,,,,,,,,,,,,,,,,
4/30/2017,21:55,117,,,,,,,,,,,,,,,,,,
4/2/2017,21:55,126,,,,,,,,,,,,,,,,,,
10/17/2017,21:56,128,,,,,,,,,,,,,,,,,,
5/14/2017,21:56,190,,,,,,,,,,,,,,,,,,
3/30/2017,21:56,75,,,,,,,,,,,,,,,,,,
2/5/2017,21:56,44,,,,,,,,,,,,,,,,,,
12/8/2016,21:56,163,,,,,,,,,,,,,,,,,,
3/5/2017,21:57,122,,,,,,,,,,,,,,,,,,
12/20/2016,21:57,96,,,,,,,,,,,,,,,,,,
10/3/2017,21:58,112,,,,,,,,,,,,,,,,,,
4/23/2017,21:58,116,,,,,,,,,,,,,,,,,,
4/6/2017,21:58,124,,,,,,,,,,,,,,,,,,
2/23/2017,21:58,92,,,,,,,,,,,,,,,,,,
2/19/2017,21:58,18,,,,,,,,,,,,,,,,,,
4/9/2017,21:59,85,,,,,,,,,,,,,,,,,,
2/2/2017,21:59,42,,,,,,,,,,,,,,,,,,
1/29/2017,21:59,63,,,,,,,,,,,,,,,,,,
10/17/2016,22:00,93,,,,,,,,,,,,,,,,,,
8/29/2016,22:00,6,,,,,,,,,,,,,,,,,,
11/29/2017,22:01,142,,,,,,,,,,,,,,,,,,
10/18/2016,22:01,121,,,,,,,,,,,,,,,,,,
5/1/2017,22:02,165,,,,,,,,,,,,,,,,,,
4/13/2017,22:02,109,,,,,,,,,,,,,,,,,,
2/28/2017,22:02,81,,,,,,,,,,,,,,,,,,
12/12/2016,22:02,115,,,,,,,,,,,,,,,,,,
9/22/2016,22:02,96,,,,,,,,,,,,,,,,,,
10/29/2017,22:03,72,,,,,,,,,,,,,,,,,,
2/7/2017,22:03,68,,,,,,,,,,,,,,,,,,
12/13/2016,22:03,140,,,,,,,,,,,,,,,,,,
12/1/2016,22:03,166,,,,,,,,,,,,,,,,,,
11/20/2016,22:03,130,,,,,,,,,,,,,,,,,,
10/19/2016,22:03,117,,,,,,,,,,,,,,,,,,
9/27/2016,22:03,131,,,,,,,,,,,,,,,,,,
9/11/2016,22:03,113,,,,,,,,,,,,,,,,,,
10/22/2017,22:04,124,,,,,,,,,,,,,,,,,,
10/1/2017,22:04,91,,,,,,,,,,,,,,,,,,
9/24/2017,22:04,110,,,,,,,,,,,,,,,,,,
4/27/2017,22:04,111,,,,,,,,,,,,,,,,,,
4/16/2017,22:04,75,,,,,,,,,,,,,,,,,,
3/28/2017,22:04,57,,,,,,,,,,,,,,,,,,
2/20/2017,22:04,90,,,,,,,,,,,,,,,,,,
1/24/2017,22:04,21,,,,,,,,,,,,,,,,,,
12/15/2016,22:04,149,,,,,,,,,,,,,,,,,,
11/1/2016,22:04,127,,,,,,,,,,,,,,,,,,
10/20/2016,22:04,120,,,,,,,,,,,,,,,,,,
9/26/2016,22:04,98,,,,,,,,,,,,,,,,,,
9/25/2016,22:04,106,,,,,,,,,,,,,,,,,,
10/19/2017,22:05,118,,,,,,,,,,,,,,,,,,
10/10/2017,22:05,51,,,,,,,,,,,,,,,,,,
8/29/2017,22:05,38,,,,,,,,,,,,,,,,,,
5/16/2017,22:05,140,,,,,,,,,,,,,,,,,,
5/15/2017,22:05,175,,,,,,,,,,,,,,,,,,
5/11/2017,22:05,131,,,,,,,,,,,,,,,,,,
4/25/2017,22:05,102,,,,,,,,,,,,,,,,,,
4/4/2017,22:05,76,,,,,,,,,,,,,,,,,,
3/16/2017,22:05,92,,,,,,,,,,,,,,,,,,
2/21/2017,22:05,78,,,,,,,,,,,,,,,,,,
12/14/2016,22:05,135,,,,,,,,,,,,,,,,,,
10/26/2016,22:05,149,,,,,,,,,,,,,,,,,,
10/2/2017,22:06,160,,,,,,,,,,,,,,,,,,
8/28/2017,22:06,20,,,,,,,,,,,,,,,,,,
5/10/2017,22:06,134,,,,,,,,,,,,,,,,,,
4/20/2017,22:06,80,,,,,,,,,,,,,,,,,,
3/9/2017,22:06,111,,,,,,,,,,,,,,,,,,
3/6/2017,22:06,131,,,,,,,,,,,,,,,,,,
12/11/2016,22:06,109,,,,,,,,,,,,,,,,,,
11/2/2016,22:06,157,,,,,,,,,,,,,,,,,,
10/30/2016,22:06,85,,,,,,,,,,,,,,,,,,
10/27/2016,22:06,88,,,,,,,,,,,,,,,,,,
9/15/2016,22:06,75,,,,,,,,,,,,,,,,,,
11/16/2017,22:07,98,,,,,,,,,,,,,,,,,,
11/15/2017,22:07,106,,,,,,,,,,,,,,,,,,
8/27/2017,22:07,2,,,,,,,,,,,,,,,,,,
5/3/2017,22:07,180,,,,,,,,,,,,,,,,,,
4/18/2017,22:07,117,,,,,,,,,,,,,,,,,,
3/7/2017,22:07,121,,,,,,,,,,,,,,,,,,
3/2/2017,22:07,107,,,,,,,,,,,,,,,,,,
2/13/2017,22:07,82,,,,,,,,,,,,,,,,,,
11/8/2016,22:07,80,,,,,,,,,,,,,,,,,,
10/4/2016,22:07,118,,,,,,,,,,,,,,,,,,
9/29/2016,22:07,124,,,,,,,,,,,,,,,,,,
11/20/2017,22:08,125,,,,,,,,,,,,,,,,,,
11/19/2017,22:08,100,,,,,,,,,,,,,,,,,,
11/9/2017,22:08,108,,,,,,,,,,,,,,,,,,
11/2/2017,22:08,111,,,,,,,,,,,,,,,,,,
10/11/2017,22:08,143,,,,,,,,,,,,,,,,,,
9/26/2017,22:08,116,,,,,,,,,,,,,,,,,,
9/17/2017,22:08,76,,,,,,,,,,,,,,,,,,
9/11/2017,22:08,125,,,,,,,,,,,,,,,,,,
3/29/2017,22:08,120,,,,,,,,,,,,,,,,,,
3/8/2017,22:08,160,,,,,,,,,,,,,,,,,,
2/27/2017,22:08,151,,,,,,,,,,,,,,,,,,
2/22/2017,22:08,"135
",,,,,,,,,,,,,,,,,,
2/15/2017,22:08,139,,,,,,,,,,,,,,,,,,
1/25/2017,22:08,56,,,,,,,,,,,,,,,,,,
1/23/2017,22:08,18,,,,,,,,,,,,,,,,,,
12/5/2016,22:08,165,,,,,,,,,,,,,,,,,,
11/28/2016,22:08,142,,,,,,,,,,,,,,,,,,
11/27/2016,22:08,78,,,,,,,,,,,,,,,,,,
10/25/2016,22:08,113,,,,,,,,,,,,,,,,,,
8/30/2016,22:08,21,,,,,,,,,,,,,,,,,,
11/5/2017,22:09,89,,,,,,,,,,,,,,,,,,
10/15/2017,22:09,139,,,,,,,,,,,,,,,,,,
10/12/2017,22:09,120,,,,,,,,,,,,,,,,,,
5/4/2017,22:09,126,,,,,,,,,,,,,,,,,,
4/24/2017,22:09,177,,,,,,,,,,,,,,,,,,
4/19/2017,22:09,97,,,,,,,,,,,,,,,,,,
3/13/2017,22:09,52,,,,,,,,,,,,,,,,,,
2/8/2017,22:09,78,,,,,,,,,,,,,,,,,,
11/29/2016,22:09,153,,,,,,,,,,,,,,,,,,
11/15/2016,22:09,88,,,,,,,,,,,,,,,,,,
11/7/2016,22:09,133,,,,,,,,,,,,,,,,,,
10/5/2016,22:09,167,,,,,,,,,,,,,,,,,,
9/28/2016,22:09,154,,,,,,,,,,,,,,,,,,
9/21/2016,22:09,144,,,,,,,,,,,,,,,,,,
9/20/2016,22:09,108,,,,,,,,,,,,,,,,,,
9/13/2016,22:09,74,,,,,,,,,,,,,,,,,,
9/6/2016,22:09,54,,,,,,,,,,,,,,,,,,
11/26/2017,22:10,59,,,,,,,,,,,,,,,,,,
10/26/2017,22:10,89,,,,,,,,,,,,,,,,,,
9/6/2017,22:10,95,,,,,,,,,,,,,,,,,,
4/17/2017,22:10,110,,,,,,,,,,,,,,,,,,
2/9/2017,22:10,28,,,,,,,,,,,,,,,,,,
1/31/2017,22:10,73,,,,,,,,,,,,,,,,,,
1/30/2017,22:10,97,,,,,,,,,,,,,,,,,,
10/6/2016,22:10,130,,,,,,,,,,,,,,,,,,
9/19/2016,22:10,134,,,,,,,,,,,,,,,,,,
10/25/2017,22:11,133,,,,,,,,,,,,,,,,,,
10/18/2017,22:11,170,,,,,,,,,,,,,,,,,,
9/21/2017,22:11,86,,,,,,,,,,,,,,,,,,
5/17/2017,22:11,191,,,,,,,,,,,,,,,,,,
3/27/2017,22:11,175,,,,,,,,,,,,,,,,,,
3/1/2017,22:11,121,,,,,,,,,,,,,,,,,,
11/8/2017,22:12,153,,,,,,,,,,,,,,,,,,
10/24/2017,22:12,98,,,,,,,,,,,,,,,,,,
10/5/2017,22:12,104,,,,,,,,,,,,,,,,,,
10/4/2017,22:12,151,,,,,,,,,,,,,,,,,,
9/28/2017,22:12,100,,,,,,,,,,,,,,,,,,
9/13/2017,22:12,79,,,,,,,,,,,,,,,,,,
8/30/2017,22:12,62,,,,,,,,,,,,,,,,,,
5/18/2017,22:12,123,,,,,,,,,,,,,,,,,,
5/8/2017,22:12,110,,,,,,,,,,,,,,,,,,
4/3/2017,22:12,165,,,,,,,,,,,,,,,,,,
2/6/2017,22:12,110,,,,,,,,,,,,,,,,,,
11/6/2016,22:12,80,,,,,,,,,,,,,,,,,,
10/13/2016,22:12,126,,,,,,,,,,,,,,,,,,
9/10/2017,22:13,70,,,,,,,,,,,,,,,,,,
4/5/2017,22:13,143,,,,,,,,,,,,,,,,,,
2/14/2017,22:13,85,,,,,,,,,,,,,,,,,,
12/21/2016,22:13,134,,,,,,,,,,,,,,,,,,
11/17/2016,22:13,121,,,,,,,,,,,,,,,,,,
11/3/2016,22:13,129,,,,,,,,,,,,,,,,,,
11/14/2017,22:14,123,,,,,,,,,,,,,,,,,,
10/23/2017,22:14,105,,,,,,,,,,,,,,,,,,
9/14/2017,22:14,62,,,,,,,,,,,,,,,,,,
4/10/2017,22:14,52,,,,,,,,,,,,,,,,,,
10/24/2016,22:14,95,,,,,,,,,,,,,,,,,,
4/11/2017,22:15,94,,,,,,,,,,,,,,,,,,
12/6/2016,22:15,130,,,,,,,,,,,,,,,,,,
11/27/2017,22:16,103,,,,,,,,,,,,,,,,,,
9/18/2017,22:16,110,,,,,,,,,,,,,,,,,,
9/7/2017,22:16,75,,,,,,,,,,,,,,,,,,
3/26/2017,22:16,50,,,,,,,,,,,,,,,,,,
1/22/2017,22:16,5,,,,,,,,,,,,,,,,,,
12/18/2016,22:16,142,,,,,,,,,,,,,,,,,,
10/12/2016,22:16,150,,,,,,,,,,,,,,,,,,
11/6/2017,22:17,121,,,,,,,,,,,,,,,,,,
10/16/2017,22:17,152,,,,,,,,,,,,,,,,,,
10/23/2016,22:17,101,,,,,,,,,,,,,,,,,,
11/28/2017,22:18,122,,,,,,,,,,,,,,,,,,
11/7/2017,22:18,86,,,,,,,,,,,,,,,,,,
4/12/2017,22:18,160,,,,,,,,,,,,,,,,,,
11/30/2016,22:18,165,,,,,,,,,,,,,,,,,,
10/16/2016,22:18,147,,,,,,,,,,,,,,,,,,
9/8/2016,22:18,69,,,,,,,,,,,,,,,,,,
9/7/2016,22:18,84,,,,,,,,,,,,,,,,,,
9/27/2017,22:20,129,,,,,,,,,,,,,,,,,,
9/20/2017,22:20,104,,,,,,,,,,,,,,,,,,
12/7/2016,22:20,162,,,,,,,,,,,,,,,,,,
12/4/2016,22:20,126,,,,,,,,,,,,,,,,,,
9/1/2016,22:20,53,,,,,,,,,,,,,,,,,,
1/26/2017,22:21,30,,,,,,,,,,,,,,,,,,
10/2/2016,22:21,105,,,,,,,,,,,,,,,,,,
11/13/2017,22:22,147,,,,,,,,,,,,,,,,,,
4/26/2017,22:22,170,,,,,,,,,,,,,,,,,,
2/16/2017,22:22,74,,,,,,,,,,,,,,,,,,
12/19/2016,22:22,163,,,,,,,,,,,,,,,,,,
3/12/2017,22:23,129,,,,,,,,,,,,,,,,,,
9/19/2017,22:24,84,,,,,,,,,,,,,,,,,,
8/31/2017,22:24,36,,,,,,,,,,,,,,,,,,
9/14/2016,22:27,105,,,,,,,,,,,,,,,,,,
10/31/2017,22:30,46,,,,,,,,,,,,,,,,,,
9/5/2017,22:30,24,,,,,,,,,,,,,,,,,,
9/18/2016,22:32,86,,,,,,,,,,,,,,,,,,
11/14/2016,22:39,103,,,,,,,,,,,,,,,,,,
9/12/2016,22:40,45,,,,,,,,,,,,,,,,,,
11/12/2017,22:42,82,,,,,,,,,,,,,,,,,,
10/11/2016,22:45,30,,,,,,,,,,,,,,,,,,
8/31/2016,22:51,55,,,,,,,,,,,,,,,,,,
11/9/2016,22:59,130,,,,,,,,,,,,,,,,,,
11/1/2017,23:19,107,,,,,,,,,,,,,,,,,,
10/29/2017,23:55,34,,,,,,,,,,,,,,,,,,
5/7/2017,23:55,67,,,,,,,,,,,,,,,,,,
11/26/2017,23:57,22,,,,,,,,,,,,,,,,,,
10/24/2017,23:57,36,,,,,,,,,,,,,,,,,,
9/25/2017,23:57,67,,,,,,,,,,,,,,,,,,
2/26/2017,23:57,80,,,,,,,,,,,,,,,,,,
10/19/2017,23:58,75,,,,,,,,,,,,,,,,,,
3/26/2017,23:58,16,,,,,,,,,,,,,,,,,,
11/3/2016,23:58,74,,,,,,,,,,,,,,,,,,
11/19/2017,23:59,36,,,,,,,,,,,,,,,,,,
11/12/2017,23:59,36,,,,,,,,,,,,,,,,,,
4/13/2017,23:59,42,,,,,,,,,,,,,,,,,,
2/9/2017,23:59,10,,,,,,,,,,,,,,,,,,
10/27/2016,23:59,39,,,,,,,,,,,,,,,,,,
9/25/2016,23:59,40,,,,,,,,,,,,,,,,,,
